,﻿Номер поручения,Заказчик,Дата поручения,Выполнено,Дата выполнения,Затрачено дней,Сумма вознаграждения,Описание,Номер поручения,group,Герой,Оценка за качество,Оценка по срокам,Оценка за вежливость
0,11318,Чарли,1051-01-03 00:00:00,да,1051-02-12,4.0,25500,В лесу недалеко от города звери нападают на людей. Нужно убить их.,11318,0,Мартин,5,3,4
1,11067,Анна,1051-01-10 00:00:00,да,1051-01-14,1.0,29500,В пещере появвилось огромное каменное чудовище. Нужно убить его.,11067,0,Глюкоза,3,2,5
2,11026,Эмилио,1051-01-10 00:00:00,да,1051-01-18,1.0,15000,В лесу между городом и деревней видели монстров. Нужно победить их.,11026,0,Леопольд,5,4,4
3,11342,Бабушка Синь,1051-01-20 00:00:00,да,1051-02-18,6.0,7500,По дороге из деревни звери нападают на людей. Нужно убить их.,11342,0,Пастушок,5,4,4
4,11185,Мария,1051-01-22 00:00:00,да,1051-01-25,1.0,23000,В лесу между городом и деревней монстры нападают на людей. Нужно уничтожить их.,11185,0,Бендер,4,4,4
5,11193,Бабушка Синь,1051-01-22 00:00:00,да,1051-02-17,3.0,21500,"В лесу недалеко от города видели монстров. Нужно уничтожить их. Осмотрите все возможные укрытия, чтобы найти монстров.",11193,4,Глюкоза,3,3,5
6,11307,Влад,1051-01-22 00:00:00,да,1051-02-12,8.0,10500,"Недалеко от города монстры похитили путников. Нужно спасти их. Осмотрите все возможные укрытия, чтобы найти похищенных.",11307,2,Глюкоза,4,4,5
7,11135,Олег,1051-01-28 00:00:00,да,1051-02-13,7.0,25500,"В пещере завёлся дракон. Нужно его убить. Это может потребовать времени и усилий, так как дракон очень опасен.",11135,3,Альфред,3,3,4
8,11401,Бабушка Синь,1051-01-28 00:00:00,да,1051-03-07,8.0,17000,"В городе монстры похитили путников. Нужно освободить их. Осмотрите все возможные укрытия, чтобы найти похищенных.",11401,2,Пастушок,5,4,2
9,11031,Аделина,1051-02-01 00:00:00,да,1051-03-24,5.0,29000,В городе у меня была украдена драгоценность. Нужно вернуть её как можно скорее.,11031,1,Пастушок,4,4,4
10,11265,Олег,1051-02-04 00:00:00,да,1051-03-22,1.0,11500,В пещере появвилось огромное каменное чудовище. Нужно убить его.,11265,0,Альфред,4,3,3
11,11091,Аделина,1051-02-08 00:00:00,да,1051-03-26,3.0,19000,Недалеко от города монстры нападают на людей. Нужно уничтожить их.,11091,0,Альфред,5,4,4
12,11010,Анна,1051-02-12 00:00:00,да,1051-02-18,4.0,22500,"Недалеко от города встречаются звери. Нужно убить их. Будьте осторожны, так как звери могут быть опасными.",11010,3,Альфред,4,4,5
13,11451,Роман,1051-02-12 00:00:00,да,1051-02-27,8.0,8000,По дороге из деревни монстры похитили путников. Нужно освободить их.,11451,2,Пастушок,4,4,2
14,11007,Иван,1051-02-14 00:00:00,да,1051-03-26,10.0,21500,В пещере появвилось огромное каменное чудовище. Нужно уничтожить его.,11007,0,Альфред,5,3,2
15,11358,Егор,1051-02-15 00:00:00,да,1051-03-16,4.0,8500,В пещере завёлся дракон. Нужно его уничтожить.,11358,0,Бендер,4,4,5
16,11023,Леонтия,1051-02-16 00:00:00,да,1051-04-11,9.0,12500,В деревне у меня потерялся рюкзак. Нужно найти его как можно скорее.,11023,1,Юлия,5,4,5
17,11487,Максимилиан,1051-02-16 00:00:00,да,1051-03-30,3.0,17500,"По дороге из деревни заметили разбойников. Нужно прогнать их. Будьте осторожны, так как разбойники могут быть опасными.",11487,3,Глюкоза,4,4,4
18,11395,Чарли,1051-02-17 00:00:00,да,1051-04-02,2.0,24500,В лесу недалеко от города были замечены разбойники. Нужно проучить их.,11395,0,Соня,5,4,4
19,11173,Бабушка Синь,1051-02-18 00:00:00,да,1051-03-21,4.0,7500,"По дороге из деревни встречаются звери. Нужно прогнать их. Будьте осторожны, так как звери могут быть опасными.",11173,3,Леопольд,4,4,4
20,11216,Бабушка Синь,1051-02-18 00:00:00,да,1051-03-22,2.0,28000,"Недалеко от города у меня пропала драгоценность. Нужно вернуть её как можно скорее. Проверьте все места, где она могла быть оставлена.",11216,1,Леопольд,4,3,4
21,11296,Роман,1051-02-20 00:00:00,да,1051-03-19,4.0,20500,По дороге из деревни заметили разбойников. Нужно проучить их.,11296,0,Бендер,4,3,4
22,11137,Бабушка Синь,1051-02-21 00:00:00,да,1051-03-03,9.0,16000,В лесу недалеко от города встречаются звери. Нужно убить их.,11137,0,Пастушок,3,3,3
23,11112,Аделина,1051-02-22 00:00:00,да,1051-04-12,8.0,6000,В городе у меня потерялась сумка с документами. Нужно вернуть её как можно скорее.,11112,1,Глюкоза,4,3,3
24,11146,Роман,1051-02-27 00:00:00,да,1051-03-20,5.0,28000,В пещере появвилось огромное каменное чудовище. Нужно уничтожить его.,11146,0,Соня,2,5,4
25,11199,Олег,1051-02-28 00:00:00,да,1051-03-17,6.0,7000,В лесу около деревни заметили разбойников. Нужно убить их.,11199,0,Бенедикт,4,4,2
26,11424,Аделина,1051-03-02 00:00:00,да,1051-03-29,5.0,9500,В лесу около деревни монстры нападают на людей. Нужно уничтожить их.,11424,0,Леопольд,4,3,2
27,11294,Иван,1051-03-05 00:00:00,да,1051-04-20,7.0,28500,"В лесу недалеко от города были замечены разбойники. Нужно проучить их. Осмотрите все возможные укрытия, чтобы найти разбойников.",11294,4,Юлия,4,4,2
28,11021,Чарли,1051-03-07 00:00:00,да,1051-04-04,5.0,13000,В лесу по дороге от пещеры заметили монстров. Нужно победить их.,11021,0,Леопольд,4,5,5
29,11450,Егор,1051-03-10 00:00:00,да,1051-04-26,9.0,21500,В деревне у меня потерялась сумка с документами. Нужно найти её как можно скорее.,11450,1,Глюкоза,4,4,4
30,11452,Иван,1051-03-14 00:00:00,да,1051-04-17,3.0,9000,В пещере появвилось огромное каменное чудовище. Нужно убить его.,11452,0,Мартин,4,3,5
31,11238,Эмилио,1051-03-19 00:00:00,да,1051-04-24,2.0,21000,В лесу по дороге от пещеры разбойники нападают на людей. Нужно прогнать их.,11238,0,Синеглазый,4,4,4
32,11301,Анна,1051-03-23 00:00:00,да,1051-03-31,5.0,16000,В пещере завёлся дракон. Нужно его убить.,11301,0,Агата,5,4,4
33,11472,Бьянка,1051-03-23 00:00:00,да,1051-04-21,10.0,9000,В деревне монстры похитили путников. Нужно освободить их.,11472,2,Леопольд,4,5,4
34,11411,Анна,1051-03-23 00:00:00,да,1051-05-15,4.0,26000,"Недалеко от города у меня пропал рюкзак. Нужно вернуть его как можно скорее. Проверьте все места, где он мог быть оставлен.",11411,1,Бендер,4,4,4
35,11131,Татьяна,1051-03-27 00:00:00,да,1051-05-23,6.0,19000,В пещере завёлся дракон. Нужно его убить.,11131,0,Фредерик,4,3,4
36,11264,Чарли,1051-03-28 00:00:00,да,1051-05-10,4.0,29500,"В лесу между городом и деревней заметили монстров. Нужно уничтожить их. Будьте осторожны, так как монстры могут быть опасными.",11264,3,Леопольд,4,3,3
37,11178,Бьянка,1051-04-01 00:00:00,да,1051-05-08,3.0,21000,В деревне у меня был украден рюкзак. Нужно найти его как можно скорее.,11178,1,Глюкоза,4,4,3
38,11162,Чарли,1051-04-03 00:00:00,да,1051-04-26,3.0,6000,"По дороге из деревни разбойники нападают на людей. Нужно проучить их. Будьте осторожны, так как разбойники могут быть опасными.",11162,3,Фредерик,4,4,3
39,11392,Татьяна,1051-04-04 00:00:00,да,1051-05-25,5.0,11000,В пещере завёлся дракон. Нужно его убить.,11392,0,Бендер,4,3,4
40,11351,Мария,1051-04-06 00:00:00,да,1051-05-11,1.0,13500,"В лесу по дороге от пещеры звери нападают на людей. Нужно прогнать их. Осмотрите все возможные укрытия, чтобы найти зверей.",11351,4,Соня,5,4,3
41,11419,Аделина,1051-04-10 00:00:00,да,1051-05-22,9.0,22000,В лесу недалеко от города видели монстров. Нужно уничтожить их.,11419,0,Леопольд,4,3,5
42,11100,Анна,1051-04-10 00:00:00,да,1051-05-22,5.0,7500,"Недалеко от города заметили монстров. Нужно уничтожить их. Будьте осторожны, так как монстры могут быть опасными.",11100,3,Синеглазый,4,4,4
43,11242,Аделина,1051-04-13 00:00:00,да,1051-06-07,5.0,23000,"Недалеко от города у меня пропала сумка с документами. Нужно вернуть её как можно скорее. Проверьте все места, где она могла быть оставлена.",11242,1,Фредерик,4,5,4
44,11274,Анна,1051-04-13 00:00:00,да,1051-04-23,8.0,16000,"В городе монстры похитили путников. Нужно освободить их. Осмотрите все возможные укрытия, чтобы найти похищенных.",11274,2,Бенедикт,3,5,4
45,11090,Анна,1051-04-14 00:00:00,да,1051-05-03,10.0,24000,В лесу около деревни разбойники нападают на людей. Нужно проучить их.,11090,0,Мартин,3,4,3
46,11212,Анна,1051-04-15 00:00:00,да,1051-05-18,3.0,20500,По дороге из деревни у меня пропала драгоценность. Нужно найти её как можно скорее.,11212,1,Бендер,3,5,4
47,11324,Эмилио,1051-04-16 00:00:00,да,1051-04-19,1.0,23500,"В городе монстры похитили путников. Нужно освободить их. Осмотрите все возможные укрытия, чтобы найти похищенных.",11324,2,Синеглазый,4,4,5
48,11303,Надя,1051-04-19 00:00:00,да,1051-05-01,5.0,9000,В пещере завёлся дракон. Нужно его уничтожить.,11303,0,Глюкоза,3,4,2
49,11145,Влад,1051-04-20 00:00:00,да,1051-04-28,1.0,10000,Недалеко от города у меня потерялась драгоценность. Нужно найти её как можно скорее.,11145,1,Бендер,4,5,3
50,11406,Аделина,1051-04-21 00:00:00,да,1051-06-14,3.0,21500,Недалеко от города заметили зверей. Нужно убить их.,11406,0,Глюкоза,3,3,4
51,11410,Егор,1051-04-22 00:00:00,да,1051-05-24,9.0,27500,"В деревне у меня была украдена драгоценность. Нужно найти её как можно скорее. Проверьте все места, где она могла быть оставлена.",11410,1,Бендер,2,4,4
52,11129,Олег,1051-04-23 00:00:00,да,1051-05-03,8.0,6500,В лесу между городом и деревней заметили зверей. Нужно убить их.,11129,0,Юлия,5,4,4
53,11183,Бьянка,1051-04-24 00:00:00,да,1051-06-05,6.0,11000,"В лесу около деревни были замечены разбойники. Нужно проучить их. Будьте осторожны, так как разбойники могут быть опасными.",11183,3,Мартин,4,4,4
54,11228,Егор,1051-04-24 00:00:00,да,1051-06-17,4.0,14000,"Недалеко от города у меня пропала драгоценность. Нужно вернуть её как можно скорее. Проверьте все места, где она могла быть оставлена.",11228,1,Агата,3,4,5
55,11343,Надя,1051-04-25 00:00:00,да,1051-06-16,8.0,26000,"В пещере завёлся дракон. Нужно его уничтожить. Это может потребовать времени и усилий, так как дракон очень опасен.",11343,3,Фредерик,3,4,4
56,11266,Татьяна,1051-04-26 00:00:00,да,1051-06-20,9.0,6500,По дороге из деревни у меня был украден рюкзак. Нужно вернуть его как можно скорее.,11266,1,Мартин,3,3,5
57,11425,Мария,1051-04-27 00:00:00,да,1051-05-29,1.0,7500,По дороге из деревни были замечены разбойники. Нужно убить их.,11425,0,Пастушок,4,4,3
58,11453,Егор,1051-04-28 00:00:00,да,1051-06-18,7.0,27000,"В городе монстры похитили путников. Нужно спасти их. Осмотрите все возможные укрытия, чтобы найти похищенных.",11453,2,Бендер,4,4,5
59,11459,Бабушка Синь,1051-04-29 00:00:00,да,1051-06-27,5.0,6500,В лесу недалеко от города заметили разбойников. Нужно убить их.,11459,0,Юлия,4,4,4
60,11291,Чарли,1051-04-30 00:00:00,да,1051-05-05,3.0,15000,По дороге из деревни у меня потерялась драгоценность. Нужно найти её как можно скорее.,11291,1,Агата,4,4,4
61,11341,Бабушка Синь,1051-05-01 00:00:00,да,1051-05-11,4.0,11000,"Недалеко от города монстры похитили путников. Нужно освободить их. Осмотрите все возможные укрытия, чтобы найти похищенных.",11341,2,Леопольд,3,4,4
62,11279,Аделина,1051-05-05 00:00:00,да,1051-06-01,10.0,24500,В пещере появвилось огромное каменное чудовище. Нужно убить его.,11279,0,Глюкоза,5,4,4
63,11278,Аделина,1051-05-09 00:00:00,да,1051-07-03,4.0,29500,В деревне у меня пропала сумка с документами. Нужно вернуть её как можно скорее.,11278,1,Мартин,2,4,4
64,11423,Аделина,1051-05-09 00:00:00,да,1051-05-17,2.0,28000,По дороге из деревни у меня был украден рюкзак. Нужно найти его как можно скорее.,11423,1,Фредерик,4,4,3
65,11284,Эмилио,1051-05-13 00:00:00,да,1051-05-18,2.0,10500,"В деревне у меня был украден рюкзак. Нужно найти его как можно скорее. Проверьте все места, где он мог быть оставлен.",11284,1,Бендер,4,4,4
66,11461,Роман,1051-05-17 00:00:00,да,1051-06-11,2.0,28000,В городе у меня пропал рюкзак. Нужно найти его как можно скорее.,11461,1,Юлия,4,5,3
67,11237,Эмилио,1051-05-23 00:00:00,да,1051-07-14,2.0,23000,В лесу недалеко от города звери нападают на людей. Нужно убить их.,11237,0,Альфред,3,5,4
68,11083,Надя,1051-05-24 00:00:00,да,1051-06-14,1.0,20000,По дороге из деревни заметили монстров. Нужно победить их.,11083,0,Фредерик,5,5,5
69,11350,Олег,1051-05-25 00:00:00,да,1051-05-29,3.0,16000,В лесу по дороге от пещеры заметили монстров. Нужно победить их.,11350,0,Леопольд,3,4,4
70,11314,Максимилиан,1051-05-26 00:00:00,да,1051-06-13,8.0,13000,Недалеко от города у меня пропала драгоценность. Нужно вернуть её как можно скорее.,11314,1,Глюкоза,2,4,3
71,11332,Бабушка Синь,1051-05-27 00:00:00,да,1051-06-10,7.0,11500,В городе у меня был украден рюкзак. Нужно найти его как можно скорее.,11332,1,Пастушок,4,5,4
72,11408,Леонтия,1051-05-29 00:00:00,да,1051-06-11,5.0,28000,В пещере завёлся дракон. Нужно его убить.,11408,0,Леопольд,3,3,4
73,11348,Бьянка,1051-05-29 00:00:00,да,1051-07-17,6.0,27000,В пещере появвилось огромное каменное чудовище. Нужно убить его.,11348,0,Пастушок,4,4,5
74,11197,Бабушка Синь,1051-05-30 00:00:00,да,1051-07-06,7.0,20500,В пещере завёлся дракон. Нужно его уничтожить.,11197,0,Соня,5,3,5
75,11466,Олег,1051-06-03 00:00:00,да,1051-07-28,10.0,25500,В лесу по дороге от пещеры видели монстров. Нужно уничтожить их.,11466,0,Леопольд,5,3,3
76,11024,Эмилио,1051-06-04 00:00:00,да,1051-07-21,3.0,18500,"В лесу недалеко от города заметили зверей. Нужно убить их. Осмотрите все возможные укрытия, чтобы найти зверей.",11024,4,Фредерик,5,3,4
77,11180,Бьянка,1051-06-06 00:00:00,да,1051-07-30,10.0,5500,В деревне у меня пропал рюкзак. Нужно найти его как можно скорее.,11180,1,Юлия,4,4,4
78,11305,Олег,1051-06-10 00:00:00,да,1051-06-21,4.0,9500,По дороге из деревни разбойники нападают на людей. Нужно прогнать их.,11305,0,Агата,4,3,5
79,11263,Бьянка,1051-06-11 00:00:00,да,1051-08-10,1.0,5000,В лесу недалеко от города были замечены разбойники. Нужно убить их.,11263,0,Леопольд,4,5,4
80,11080,Чарли,1051-06-13 00:00:00,да,1051-07-23,6.0,25500,В лесу по дороге от пещеры видели монстров. Нужно уничтожить их.,11080,0,Глюкоза,5,4,3
81,11334,Эмилио,1051-06-14 00:00:00,да,1051-08-03,7.0,14000,"Недалеко от города были замечены разбойники. Нужно убить их. Будьте осторожны, так как разбойники могут быть опасными.",11334,3,Юлия,4,3,5
82,11020,Бьянка,1051-06-24 00:00:00,да,1051-07-14,6.0,15500,"Недалеко от города монстры похитили путников. Нужно спасти их. Осмотрите все возможные укрытия, чтобы найти похищенных.",11020,2,Агата,4,4,4
83,11051,Татьяна,1051-06-26 00:00:00,да,1051-07-29,9.0,21500,В деревне у меня была украдена сумка с документами. Нужно вернуть её как можно скорее.,11051,1,Агата,4,4,4
84,11118,Максимилиан,1051-07-02 00:00:00,да,1051-07-26,10.0,12500,"Недалеко от города у меня потерялась драгоценность. Нужно вернуть её как можно скорее. Проверьте все места, где она могла быть оставлена.",11118,1,Альфред,3,4,5
85,11001,Мария,1051-07-09 00:00:00,да,1051-09-02,2.0,20000,"В лесу по дороге от пещеры были замечены разбойники. Нужно убить их. Будьте осторожны, так как разбойники могут быть опасными.",11001,3,Альфред,5,5,4
86,11276,Надя,1051-07-15 00:00:00,да,1051-08-11,4.0,13500,В деревне монстры похитили путников. Нужно освободить их.,11276,2,Бенедикт,4,5,4
87,11431,Максимилиан,1051-07-15 00:00:00,да,1051-08-21,9.0,14000,"В лесу около деревни видели монстров. Нужно победить их. Будьте осторожны, так как монстры могут быть опасными.",11431,3,Юлия,3,4,4
88,11251,Иван,1051-07-16 00:00:00,да,1051-09-12,3.0,23500,"По дороге из деревни встречаются звери. Нужно убить их. Будьте осторожны, так как звери могут быть опасными.",11251,3,Бенедикт,4,4,3
89,11045,Олег,1051-07-16 00:00:00,да,1051-08-03,5.0,29000,"В пещере завёлся дракон. Нужно его уничтожить. Это может потребовать времени и усилий, так как дракон очень опасен.",11045,3,Леопольд,5,4,5
90,11027,Леонтия,1051-07-19 00:00:00,да,1051-09-08,9.0,25500,В городе у меня пропал рюкзак. Нужно найти его как можно скорее.,11027,1,Бенедикт,4,4,3
91,11204,Анна,1051-07-25 00:00:00,да,1051-09-16,5.0,5500,Недалеко от города у меня потерялась сумка с документами. Нужно найти её как можно скорее.,11204,1,Юлия,5,5,2
92,11235,Егор,1051-07-29 00:00:00,да,1051-09-09,5.0,13500,В городе у меня потерялся рюкзак. Нужно вернуть его как можно скорее.,11235,1,Синеглазый,3,4,4
93,11195,Бьянка,1051-07-31 00:00:00,да,1051-08-17,7.0,15000,В лесу между городом и деревней звери нападают на людей. Нужно прогнать их.,11195,0,Альфред,4,3,5
94,11383,Леонтия,1051-08-03 00:00:00,да,1051-08-29,2.0,6500,"В деревне монстры похитили путников. Нужно спасти их. Осмотрите все возможные укрытия, чтобы найти похищенных.",11383,2,Синеглазый,3,4,4
95,11174,Мария,1051-08-05 00:00:00,да,1051-09-17,2.0,15000,"По дороге из деревни у меня потерялась драгоценность. Нужно вернуть её как можно скорее. Проверьте все места, где она могла быть оставлена.",11174,1,Пастушок,3,3,3
96,11277,Иван,1051-08-05 00:00:00,да,1051-09-15,10.0,5500,В пещере завёлся дракон. Нужно его убить.,11277,0,Альфред,4,3,4
97,11439,Иван,1051-08-05 00:00:00,да,1051-09-16,9.0,18000,По дороге из деревни у меня была украдена сумка с документами. Нужно найти её как можно скорее.,11439,1,Пастушок,5,4,4
98,11359,Влад,1051-08-07 00:00:00,да,1051-09-11,7.0,16000,"Недалеко от города у меня пропал рюкзак. Нужно найти его как можно скорее. Проверьте все места, где он мог быть оставлен.",11359,1,Фредерик,4,4,3
99,11289,Егор,1051-08-08 00:00:00,да,1051-08-12,1.0,14000,"Недалеко от города монстры похитили путников. Нужно освободить их. Осмотрите все возможные укрытия, чтобы найти похищенных.",11289,2,Соня,5,4,3
100,11138,Надя,1051-08-09 00:00:00,да,1051-09-03,5.0,15500,В пещере появвилось огромное каменное чудовище. Нужно уничтожить его.,11138,0,Бенедикт,4,3,4
101,11030,Чарли,1051-08-10 00:00:00,да,1051-08-15,3.0,14500,"Недалеко от города у меня потерялась сумка с документами. Нужно вернуть её как можно скорее. Проверьте все места, где она могла быть оставлена.",11030,1,Глюкоза,4,4,3
102,11000,Анна,1051-08-11 00:00:00,да,1051-08-21,4.0,6000,"В лесу по дороге от пещеры звери нападают на людей. Нужно убить их. Осмотрите все возможные укрытия, чтобы найти зверей.",11000,4,Мартин,4,3,4
103,11485,Олег,1051-08-13 00:00:00,да,1051-08-29,2.0,23500,В деревне у меня был украден рюкзак. Нужно вернуть его как можно скорее.,11485,1,Синеглазый,4,5,4
104,11316,Максимилиан,1051-08-14 00:00:00,да,1051-10-10,8.0,18500,"Недалеко от города у меня потерялась драгоценность. Нужно вернуть её как можно скорее. Проверьте все места, где она могла быть оставлена.",11316,1,Соня,5,3,4
105,11182,Чарли,1051-08-14 00:00:00,да,1051-09-26,5.0,13500,"В городе у меня пропала драгоценность. Нужно вернуть её как можно скорее. Проверьте все места, где она могла быть оставлена.",11182,1,Синеглазый,4,4,4
106,11213,Бабушка Синь,1051-08-16 00:00:00,да,1051-10-11,8.0,15000,В пещере появвилось огромное каменное чудовище. Нужно убить его.,11213,0,Юлия,4,3,4
107,11448,Мария,1051-08-16 00:00:00,да,1051-08-30,3.0,18000,"В лесу недалеко от города монстры нападают на людей. Нужно победить их. Осмотрите все возможные укрытия, чтобы найти монстров.",11448,4,Бенедикт,3,4,3
108,11493,Анна,1051-08-17 00:00:00,да,1051-09-28,4.0,8500,В лесу около деревни заметили разбойников. Нужно прогнать их.,11493,0,Бенедикт,4,4,5
109,11089,Бабушка Синь,1051-08-17 00:00:00,да,1051-08-21,3.0,16500,В пещере появвилось огромное каменное чудовище. Нужно уничтожить его.,11089,0,Юлия,5,5,4
110,11227,Леонтия,1051-08-18 00:00:00,да,1051-10-02,1.0,14500,В лесу около деревни заметили зверей. Нужно убить их.,11227,0,Бендер,4,4,4
111,11062,Эмилио,1051-08-18 00:00:00,да,1051-09-11,5.0,15000,В пещере завёлся дракон. Нужно его убить.,11062,0,Юлия,4,2,4
112,11126,Роман,1051-08-21 00:00:00,да,1051-09-20,3.0,20500,В пещере завёлся дракон. Нужно его уничтожить.,11126,0,Пастушок,4,2,5
113,11022,Надя,1051-08-23 00:00:00,да,1051-08-29,2.0,26000,В пещере появвилось огромное каменное чудовище. Нужно убить его.,11022,0,Фредерик,4,4,4
114,11344,Бьянка,1051-08-24 00:00:00,да,1051-09-13,5.0,26500,Недалеко от города у меня был украден рюкзак. Нужно найти его как можно скорее.,11344,1,Мартин,5,5,4
115,11246,Анна,1051-09-01 00:00:00,да,1051-10-16,6.0,8500,В пещере завёлся дракон. Нужно его убить.,11246,0,Мартин,4,4,4
116,11065,Бабушка Синь,1051-09-02 00:00:00,да,1051-10-18,3.0,26000,В пещере появвилось огромное каменное чудовище. Нужно уничтожить его.,11065,0,Бенедикт,5,5,4
117,11335,Бабушка Синь,1051-09-02 00:00:00,да,1051-10-21,9.0,14000,"В лесу между городом и деревней были замечены разбойники. Нужно прогнать их. Осмотрите все возможные укрытия, чтобы найти разбойников.",11335,4,Юлия,4,5,4
118,11115,Олег,1051-09-02 00:00:00,да,1051-09-25,2.0,27500,По дороге из деревни монстры похитили путников. Нужно освободить их.,11115,2,Соня,4,4,4
119,11202,Леонтия,1051-09-04 00:00:00,да,1051-09-08,2.0,5000,"В лесу по дороге от пещеры заметили монстров. Нужно победить их. Осмотрите все возможные укрытия, чтобы найти монстров.",11202,4,Агата,3,5,3
120,11082,Роман,1051-09-05 00:00:00,да,1051-09-21,8.0,19000,В лесу между городом и деревней встречаются звери. Нужно прогнать их.,11082,0,Пастушок,4,4,3
121,11360,Иван,1051-09-06 00:00:00,да,1051-09-09,2.0,28000,"Недалеко от города монстры похитили путников. Нужно спасти их. Осмотрите все возможные укрытия, чтобы найти похищенных.",11360,2,Фредерик,3,3,5
122,11005,Анна,1051-09-07 00:00:00,да,1051-09-24,4.0,9000,В лесу недалеко от города заметили зверей. Нужно убить их.,11005,0,Агата,4,2,5
123,11364,Аделина,1051-09-08 00:00:00,да,1051-10-29,8.0,25000,"В лесу по дороге от пещеры звери нападают на людей. Нужно прогнать их. Будьте осторожны, так как звери могут быть опасными.",11364,3,Глюкоза,5,5,4
124,11087,Роман,1051-09-11 00:00:00,да,1051-09-23,9.0,12000,В лесу недалеко от города монстры нападают на людей. Нужно победить их.,11087,0,Агата,4,2,5
125,11099,Чарли,1051-09-11 00:00:00,да,1051-10-12,8.0,28500,В городе у меня была украдена драгоценность. Нужно вернуть её как можно скорее.,11099,1,Леопольд,4,3,4
126,11078,Леонтия,1051-09-18 00:00:00,да,1051-11-12,6.0,8500,В пещере появвилось огромное каменное чудовище. Нужно уничтожить его.,11078,0,Леопольд,2,4,3
127,11108,Егор,1051-09-22 00:00:00,да,1051-10-10,5.0,26500,В деревне монстры похитили путников. Нужно спасти их.,11108,2,Бендер,5,4,4
128,11044,Надя,1051-09-28 00:00:00,да,1051-11-26,4.0,7500,По дороге из деревни встречаются звери. Нужно прогнать их.,11044,0,Леопольд,2,3,3
129,11354,Аделина,1051-10-02 00:00:00,да,1051-11-17,6.0,28500,В городе у меня пропала драгоценность. Нужно вернуть её как можно скорее.,11354,1,Юлия,5,3,3
130,11369,Олег,1051-10-03 00:00:00,да,1051-10-25,5.0,5500,В пещере завёлся дракон. Нужно его уничтожить.,11369,0,Агата,4,4,4
131,11261,Аделина,1051-10-03 00:00:00,да,1051-10-29,7.0,17000,"Недалеко от города у меня пропала сумка с документами. Нужно вернуть её как можно скорее. Проверьте все места, где она могла быть оставлена.",11261,1,Бендер,4,4,4
132,11440,Мария,1051-10-06 00:00:00,да,1051-10-28,5.0,28500,Недалеко от города заметили разбойников. Нужно проучить их.,11440,0,Мартин,4,3,4
133,11116,Роман,1051-10-06 00:00:00,да,1051-10-27,3.0,17000,В пещере завёлся дракон. Нужно его убить.,11116,0,Фредерик,5,4,4
134,11103,Чарли,1051-10-07 00:00:00,да,1051-11-18,2.0,6000,В пещере появвилось огромное каменное чудовище. Нужно уничтожить его.,11103,0,Агата,3,5,5
135,11079,Иван,1051-10-10 00:00:00,да,1051-10-17,4.0,12500,В пещере появвилось огромное каменное чудовище. Нужно убить его.,11079,0,Глюкоза,4,5,3
136,11346,Роман,1051-10-12 00:00:00,да,1051-10-18,3.0,27000,"В пещере завёлся дракон. Нужно его уничтожить. Это может потребовать времени и усилий, так как дракон очень опасен.",11346,3,Агата,5,4,3
137,11356,Бьянка,1051-10-13 00:00:00,да,1051-12-02,9.0,9000,По дороге из деревни монстры похитили путников. Нужно освободить их.,11356,2,Леопольд,5,4,4
138,11036,Егор,1051-10-13 00:00:00,да,1051-10-16,2.0,18500,В лесу между городом и деревней видели монстров. Нужно победить их.,11036,0,Глюкоза,4,2,4
139,11122,Бабушка Синь,1051-10-16 00:00:00,да,1051-10-29,1.0,19500,"По дороге из деревни заметили монстров. Нужно уничтожить их. Будьте осторожны, так как монстры могут быть опасными.",11122,3,Глюкоза,3,2,4
140,11482,Иван,1051-10-23 00:00:00,да,1051-11-02,2.0,18000,"В лесу около деревни видели монстров. Нужно уничтожить их. Будьте осторожны, так как монстры могут быть опасными.",11482,3,Пастушок,4,4,3
141,11252,Олег,1051-10-25 00:00:00,да,1051-11-17,3.0,25000,"По дороге из деревни монстры похитили путников. Нужно спасти их. Осмотрите все возможные укрытия, чтобы найти похищенных.",11252,2,Глюкоза,5,5,4
142,11016,Надя,1051-10-27 00:00:00,да,1051-12-02,4.0,26500,"В лесу около деревни видели монстров. Нужно уничтожить их. Осмотрите все возможные укрытия, чтобы найти монстров.",11016,4,Бендер,5,4,5
143,11445,Аделина,1051-10-28 00:00:00,да,1051-12-20,7.0,28500,Недалеко от города у меня пропала драгоценность. Нужно вернуть её как можно скорее.,11445,1,Леопольд,5,2,3
144,11104,Влад,1051-10-29 00:00:00,да,1051-12-04,1.0,21000,В лесу около деревни разбойники нападают на людей. Нужно прогнать их.,11104,0,Бенедикт,3,3,5
145,11270,Бьянка,1051-10-29 00:00:00,да,1051-11-10,2.0,20000,"В пещере завёлся дракон. Нужно его уничтожить. Это может потребовать времени и усилий, так как дракон очень опасен.",11270,3,Соня,4,4,4
146,11223,Леонтия,1051-10-30 00:00:00,да,1051-11-02,2.0,6500,В лесу по дороге от пещеры видели монстров. Нужно победить их.,11223,0,Леопольд,4,4,4
147,11386,Чарли,1051-11-05 00:00:00,да,1051-11-15,2.0,29500,В городе у меня была украдена драгоценность. Нужно вернуть её как можно скорее.,11386,1,Фредерик,4,5,4
148,11109,Анна,1051-11-09 00:00:00,да,1051-12-29,3.0,5000,"Недалеко от города заметили монстров. Нужно уничтожить их. Будьте осторожны, так как монстры могут быть опасными.",11109,3,Пастушок,5,4,4
149,11379,Чарли,1051-11-12 00:00:00,да,1051-12-24,9.0,26000,По дороге из деревни монстры похитили путников. Нужно освободить их.,11379,2,Бенедикт,4,3,4
150,11253,Чарли,1051-11-13 00:00:00,да,1052-01-02,1.0,9000,"Недалеко от города заметили зверей. Нужно убить их. Будьте осторожны, так как звери могут быть опасными.",11253,3,Юлия,3,5,4
151,11377,Эмилио,1051-11-19 00:00:00,да,1051-12-06,9.0,27500,В деревне у меня была украдена сумка с документами. Нужно вернуть её как можно скорее.,11377,1,Мартин,4,3,4
152,11339,Леонтия,1051-11-20 00:00:00,да,1051-12-18,8.0,10000,В пещере завёлся дракон. Нужно его убить.,11339,0,Мартин,5,4,2
153,11275,Татьяна,1051-11-22 00:00:00,да,1052-01-01,7.0,22500,В пещере появвилось огромное каменное чудовище. Нужно убить его.,11275,0,Бенедикт,4,5,4
154,11101,Максимилиан,1051-11-25 00:00:00,да,1052-01-04,2.0,25000,В лесу недалеко от города заметили зверей. Нужно прогнать их.,11101,0,Мартин,4,4,3
155,11368,Максимилиан,1051-11-29 00:00:00,да,1052-01-23,10.0,25500,"Недалеко от города у меня была украдена сумка с документами. Нужно найти её как можно скорее. Проверьте все места, где она могла быть оставлена.",11368,1,Соня,4,5,4
156,11349,Леонтия,1051-11-30 00:00:00,да,1051-12-07,5.0,29500,В лесу около деревни видели монстров. Нужно уничтожить их.,11349,0,Фредерик,4,5,3
157,11074,Мария,1051-12-02 00:00:00,да,1052-01-25,10.0,18500,"В пещере завёлся дракон. Нужно его уничтожить. Это может потребовать времени и усилий, так как дракон очень опасен.",11074,3,Соня,3,5,4
158,11192,Влад,1051-12-06 00:00:00,да,1052-01-22,6.0,7000,Недалеко от города заметили монстров. Нужно победить их.,11192,0,Глюкоза,4,5,5
159,11409,Надя,1051-12-07 00:00:00,да,1051-12-26,7.0,16000,В лесу по дороге от пещеры звери нападают на людей. Нужно прогнать их.,11409,0,Бенедикт,3,4,3
160,11057,Эмилио,1051-12-09 00:00:00,да,1051-12-17,4.0,28000,В пещере завёлся дракон. Нужно его уничтожить.,11057,0,Бендер,5,4,4
161,11328,Бьянка,1051-12-15 00:00:00,да,1052-01-14,2.0,22000,Недалеко от города у меня был украден рюкзак. Нужно вернуть его как можно скорее.,11328,1,Синеглазый,3,4,3
162,11479,Иван,1051-12-16 00:00:00,да,1052-02-04,1.0,20500,"В деревне у меня пропала драгоценность. Нужно найти её как можно скорее. Проверьте все места, где она могла быть оставлена.",11479,1,Пастушок,5,4,4
163,11407,Эмилио,1051-12-16 00:00:00,да,1051-12-31,7.0,19000,В городе у меня пропал рюкзак. Нужно найти его как можно скорее.,11407,1,Фредерик,4,3,4
164,11443,Мария,1051-12-17 00:00:00,да,1052-02-12,5.0,16500,По дороге из деревни заметили зверей. Нужно прогнать их.,11443,0,Мартин,5,5,2
165,11370,Олег,1051-12-19 00:00:00,да,1052-01-08,6.0,5000,Недалеко от города у меня потерялся рюкзак. Нужно найти его как можно скорее.,11370,1,Альфред,4,4,3
166,11353,Влад,1051-12-20 00:00:00,да,1051-12-29,6.0,21500,Недалеко от города заметили разбойников. Нужно прогнать их.,11353,0,Бендер,3,2,5
167,11086,Максимилиан,1051-12-23 00:00:00,да,1052-02-12,10.0,24500,"В городе монстры похитили путников. Нужно спасти их. Осмотрите все возможные укрытия, чтобы найти похищенных.",11086,2,Юлия,4,4,4
168,11159,Егор,1051-12-24 00:00:00,да,1051-12-31,3.0,7000,В лесу между городом и деревней встречаются звери. Нужно убить их.,11159,0,Синеглазый,4,5,2
169,11481,Егор,1051-12-24 00:00:00,да,1052-01-06,3.0,27500,В городе у меня потерялась драгоценность. Нужно вернуть её как можно скорее.,11481,1,Бендер,4,5,5
170,11476,Аделина,1052-01-01 00:00:00,да,1052-01-07,3.0,10000,"По дороге из деревни звери нападают на людей. Нужно прогнать их. Будьте осторожны, так как звери могут быть опасными.",11476,3,Юлия,4,3,3
171,11186,Бабушка Синь,1052-01-02 00:00:00,да,1052-01-14,1.0,10500,В пещере завёлся дракон. Нужно его уничтожить.,11186,0,Синеглазый,2,5,5
172,11012,Эмилио,1052-01-08 00:00:00,да,1052-02-14,4.0,11000,В пещере завёлся дракон. Нужно его убить.,11012,0,Фредерик,3,4,4
173,11337,Егор,1052-01-11 00:00:00,да,1052-02-08,1.0,8000,"В пещере появвилось огромное каменное чудовище. Нужно убить его. Это может потребовать времени и усилий, так как огромное каменное чудовище очень опасен.",11337,3,Юлия,4,4,4
174,11405,Бабушка Синь,1052-01-12 00:00:00,да,1052-02-15,2.0,17000,В пещере появвилось огромное каменное чудовище. Нужно убить его.,11405,0,Глюкоза,2,5,3
175,11168,Надя,1052-01-13 00:00:00,да,1052-03-11,7.0,13500,В пещере завёлся дракон. Нужно его убить.,11168,0,Юлия,3,3,4
176,11388,Бабушка Синь,1052-01-16 00:00:00,да,1052-02-09,6.0,13500,В лесу около деревни встречаются звери. Нужно прогнать их.,11388,0,Пастушок,4,4,4
177,11054,Бабушка Синь,1052-01-21 00:00:00,да,1052-03-09,9.0,21500,"В пещере завёлся дракон. Нужно его убить. Это может потребовать времени и усилий, так как дракон очень опасен.",11054,3,Мартин,4,5,5
178,11449,Егор,1052-01-31 00:00:00,да,1052-03-17,9.0,22000,В городе у меня потерялась сумка с документами. Нужно найти её как можно скорее.,11449,1,Юлия,4,4,4
179,11060,Анна,1052-01-31 00:00:00,да,1052-02-06,5.0,23500,В городе у меня потерялась драгоценность. Нужно вернуть её как можно скорее.,11060,1,Фредерик,4,3,5
180,11226,Надя,1052-02-02 00:00:00,да,1052-02-24,5.0,16500,"В лесу около деревни видели монстров. Нужно уничтожить их. Осмотрите все возможные укрытия, чтобы найти монстров.",11226,4,Фредерик,4,4,5
181,11281,Эмилио,1052-02-04 00:00:00,да,1052-02-29,6.0,25500,"В городе монстры похитили путников. Нужно спасти их. Осмотрите все возможные укрытия, чтобы найти похищенных.",11281,2,Соня,2,2,3
182,11333,Аделина,1052-02-04 00:00:00,да,1052-03-28,8.0,17500,По дороге из деревни звери нападают на людей. Нужно убить их.,11333,0,Бенедикт,4,3,4
183,11297,Анна,1052-02-10 00:00:00,да,1052-02-26,6.0,14500,"В деревне у меня пропала сумка с документами. Нужно найти её как можно скорее. Проверьте все места, где она могла быть оставлена.",11297,1,Пастушок,4,4,4
184,11315,Мария,1052-02-11 00:00:00,да,1052-04-11,6.0,7500,В деревне у меня была украдена драгоценность. Нужно найти её как можно скорее.,11315,1,Соня,5,4,3
185,11128,Надя,1052-02-15 00:00:00,да,1052-03-21,8.0,26500,Недалеко от города у меня был украден рюкзак. Нужно вернуть его как можно скорее.,11128,1,Леопольд,2,4,3
186,11040,Бабушка Синь,1052-02-18 00:00:00,да,1052-03-19,7.0,12500,"По дороге из деревни монстры похитили путников. Нужно освободить их. Осмотрите все возможные укрытия, чтобы найти похищенных.",11040,2,Бендер,4,4,4
187,11176,Леонтия,1052-02-18 00:00:00,да,1052-04-08,3.0,18000,Недалеко от города разбойники нападают на людей. Нужно убить их.,11176,0,Синеглазый,4,3,3
188,11011,Аделина,1052-02-19 00:00:00,да,1052-02-28,3.0,6500,"Недалеко от города заметили разбойников. Нужно прогнать их. Будьте осторожны, так как разбойники могут быть опасными.",11011,3,Альфред,4,4,3
189,11004,Бьянка,1052-02-23 00:00:00,да,1052-03-30,8.0,10500,В деревне у меня пропала сумка с документами. Нужно найти её как можно скорее.,11004,1,Юлия,4,4,5
190,11382,Бабушка Синь,1052-02-26 00:00:00,да,1052-04-02,4.0,21500,В лесу около деревни встречаются звери. Нужно убить их.,11382,0,Юлия,5,3,4
191,11039,Иван,1052-02-26 00:00:00,да,1052-03-05,1.0,26500,В пещере завёлся дракон. Нужно его убить.,11039,0,Глюкоза,3,4,3
192,11325,Аделина,1052-02-27 00:00:00,да,1052-03-08,3.0,26500,По дороге из деревни у меня был украден рюкзак. Нужно вернуть его как можно скорее.,11325,1,Агата,3,2,5
193,11403,Чарли,1052-02-28 00:00:00,да,1052-03-14,9.0,18500,В деревне у меня был украден рюкзак. Нужно вернуть его как можно скорее.,11403,1,Бендер,5,4,2
194,11259,Бабушка Синь,1052-03-02 00:00:00,да,1052-03-29,2.0,15000,В пещере появвилось огромное каменное чудовище. Нужно убить его.,11259,0,Синеглазый,4,5,5
195,11384,Влад,1052-03-03 00:00:00,да,1052-04-25,1.0,13000,"Недалеко от города у меня была украдена сумка с документами. Нужно вернуть её как можно скорее. Проверьте все места, где она могла быть оставлена.",11384,1,Мартин,3,4,4
196,11362,Леонтия,1052-03-07 00:00:00,да,1052-03-27,1.0,22500,"По дороге из деревни монстры похитили путников. Нужно спасти их. Осмотрите все возможные укрытия, чтобы найти похищенных.",11362,2,Альфред,4,4,5
197,11124,Чарли,1052-03-11 00:00:00,да,1052-05-07,6.0,21000,В лесу по дороге от пещеры видели монстров. Нужно уничтожить их.,11124,0,Фредерик,3,4,2
198,11149,Татьяна,1052-03-14 00:00:00,да,1052-04-18,4.0,15500,По дороге из деревни монстры похитили путников. Нужно освободить их.,11149,2,Агата,4,3,2
199,11132,Эмилио,1052-03-14 00:00:00,да,1052-04-07,5.0,20000,В лесу по дороге от пещеры встречаются звери. Нужно прогнать их.,11132,0,Юлия,3,5,4
200,11255,Максимилиан,1052-03-16 00:00:00,да,1052-04-09,7.0,9500,В пещере появвилось огромное каменное чудовище. Нужно убить его.,11255,0,Бендер,4,4,3
201,11231,Леонтия,1052-03-16 00:00:00,да,1052-03-20,3.0,22500,Недалеко от города заметили зверей. Нужно прогнать их.,11231,0,Леопольд,3,4,4
202,11229,Роман,1052-03-16 00:00:00,да,1052-03-31,4.0,11500,"Недалеко от города разбойники нападают на людей. Нужно убить их. Будьте осторожны, так как разбойники могут быть опасными.",11229,3,Бендер,4,5,2
203,11105,Олег,1052-03-17 00:00:00,да,1052-04-18,8.0,24500,"По дороге из деревни монстры похитили путников. Нужно освободить их. Осмотрите все возможные укрытия, чтобы найти похищенных.",11105,2,Глюкоза,4,4,4
204,11110,Татьяна,1052-03-19 00:00:00,да,1052-03-25,5.0,19500,"По дороге из деревни разбойники нападают на людей. Нужно прогнать их. Будьте осторожны, так как разбойники могут быть опасными.",11110,3,Соня,2,5,3
205,11262,Аделина,1052-03-23 00:00:00,да,1052-04-06,10.0,10000,Недалеко от города встречаются звери. Нужно убить их.,11262,0,Агата,4,4,5
206,11053,Максимилиан,1052-03-25 00:00:00,да,1052-05-19,9.0,12500,Недалеко от города у меня была украдена драгоценность. Нужно найти её как можно скорее.,11053,1,Бенедикт,4,4,3
207,11184,Максимилиан,1052-03-26 00:00:00,да,1052-05-21,2.0,15000,"В пещере появвилось огромное каменное чудовище. Нужно убить его. Это может потребовать времени и усилий, так как огромное каменное чудовище очень опасен.",11184,3,Юлия,4,4,3
208,11486,Чарли,1052-03-30 00:00:00,да,1052-04-13,6.0,7000,В деревне у меня пропал рюкзак. Нужно вернуть его как можно скорее.,11486,1,Бендер,3,3,3
209,11357,Егор,1052-04-06 00:00:00,да,1052-05-11,9.0,5500,"В пещере завёлся дракон. Нужно его убить. Это может потребовать времени и усилий, так как дракон очень опасен.",11357,3,Синеглазый,4,4,5
210,11490,Анна,1052-04-07 00:00:00,да,1052-04-24,1.0,26500,В лесу по дороге от пещеры видели монстров. Нужно уничтожить их.,11490,0,Соня,4,4,5
211,11480,Влад,1052-04-07 00:00:00,да,1052-05-11,2.0,16500,В городе у меня потерялась драгоценность. Нужно найти её как можно скорее.,11480,1,Пастушок,4,3,5
212,11444,Аделина,1052-04-11 00:00:00,да,1052-06-01,10.0,16500,В пещере появвилось огромное каменное чудовище. Нужно убить его.,11444,0,Леопольд,4,3,5
213,11071,Татьяна,1052-04-12 00:00:00,да,1052-06-11,8.0,5500,"В лесу по дороге от пещеры были замечены разбойники. Нужно проучить их. Осмотрите все возможные укрытия, чтобы найти разбойников.",11071,4,Фредерик,4,3,5
214,11221,Иван,1052-04-12 00:00:00,да,1052-05-17,1.0,11500,"Недалеко от города у меня потерялась сумка с документами. Нужно найти её как можно скорее. Проверьте все места, где она могла быть оставлена.",11221,1,Мартин,5,4,4
215,11033,Надя,1052-04-12 00:00:00,да,1052-06-08,4.0,21500,"В городе монстры похитили путников. Нужно спасти их. Осмотрите все возможные укрытия, чтобы найти похищенных.",11033,2,Синеглазый,4,3,4
216,11319,Мария,1052-04-17 00:00:00,да,1052-06-09,4.0,22000,Недалеко от города встречаются звери. Нужно убить их.,11319,0,Синеглазый,4,4,5
217,11236,Анна,1052-04-17 00:00:00,да,1052-05-31,9.0,26000,В лесу по дороге от пещеры заметили разбойников. Нужно проучить их.,11236,0,Фредерик,4,5,5
218,11287,Эмилио,1052-04-20 00:00:00,да,1052-06-16,2.0,15000,По дороге из деревни монстры похитили путников. Нужно освободить их.,11287,2,Пастушок,3,3,5
219,11209,Леонтия,1052-04-20 00:00:00,да,1052-05-23,2.0,21000,Недалеко от города заметили зверей. Нужно убить их.,11209,0,Фредерик,3,5,4
220,11336,Надя,1052-04-21 00:00:00,да,1052-06-12,2.0,29000,В деревне монстры похитили путников. Нужно освободить их.,11336,2,Юлия,3,2,3
221,11187,Надя,1052-04-24 00:00:00,да,1052-06-18,7.0,15000,Недалеко от города у меня был украден рюкзак. Нужно вернуть его как можно скорее.,11187,1,Юлия,3,4,3
222,11095,Бьянка,1052-04-25 00:00:00,да,1052-05-07,7.0,23500,"По дороге из деревни у меня пропала драгоценность. Нужно вернуть её как можно скорее. Проверьте все места, где она могла быть оставлена.",11095,1,Мартин,3,4,5
223,11144,Роман,1052-05-01 00:00:00,да,1052-06-28,2.0,14500,"В пещере завёлся дракон. Нужно его уничтожить. Это может потребовать времени и усилий, так как дракон очень опасен.",11144,3,Юлия,3,2,3
224,11047,Иван,1052-05-06 00:00:00,да,1052-05-21,2.0,10500,Недалеко от города у меня потерялась драгоценность. Нужно найти её как можно скорее.,11047,1,Альфред,3,3,3
225,11260,Бьянка,1052-05-08 00:00:00,да,1052-07-02,7.0,25500,"В деревне монстры похитили путников. Нужно спасти их. Осмотрите все возможные укрытия, чтобы найти похищенных.",11260,2,Синеглазый,3,4,4
226,11477,Влад,1052-05-09 00:00:00,да,1052-05-16,1.0,24000,Недалеко от города у меня потерялась драгоценность. Нужно найти её как можно скорее.,11477,1,Фредерик,4,4,4
227,11119,Эмилио,1052-05-09 00:00:00,да,1052-06-06,1.0,25500,В пещере завёлся дракон. Нужно его уничтожить.,11119,0,Глюкоза,4,4,5
228,11313,Влад,1052-05-10 00:00:00,да,1052-06-16,10.0,12000,"В лесу по дороге от пещеры заметили зверей. Нужно убить их. Будьте осторожны, так как звери могут быть опасными.",11313,3,Мартин,4,4,5
229,11355,Мария,1052-05-12 00:00:00,да,1052-06-27,8.0,17000,В пещере появвилось огромное каменное чудовище. Нужно уничтожить его.,11355,0,Бенедикт,3,5,5
230,11055,Олег,1052-05-12 00:00:00,да,1052-06-27,1.0,11000,"В пещере завёлся дракон. Нужно его уничтожить. Это может потребовать времени и усилий, так как дракон очень опасен.",11055,3,Соня,5,5,3
231,11378,Бабушка Синь,1052-05-15 00:00:00,да,1052-06-15,3.0,8500,Недалеко от города разбойники нападают на людей. Нужно прогнать их.,11378,0,Юлия,4,2,4
232,11014,Татьяна,1052-05-16 00:00:00,да,1052-05-30,3.0,17500,В лесу по дороге от пещеры заметили зверей. Нужно убить их.,11014,0,Пастушок,3,4,5
233,11361,Роман,1052-05-21 00:00:00,да,1052-06-26,1.0,17500,В деревне у меня потерялась сумка с документами. Нужно вернуть её как можно скорее.,11361,1,Юлия,4,2,4
234,11465,Надя,1052-05-22 00:00:00,да,1052-06-10,10.0,28000,Недалеко от города разбойники нападают на людей. Нужно убить их.,11465,0,Пастушок,4,5,4
235,11225,Влад,1052-05-23 00:00:00,да,1052-07-05,9.0,29500,В пещере завёлся дракон. Нужно его уничтожить.,11225,0,Юлия,4,4,2
236,11437,Мария,1052-05-24 00:00:00,да,1052-06-09,8.0,21000,В пещере завёлся дракон. Нужно его уничтожить.,11437,0,Фредерик,5,5,4
237,11081,Татьяна,1052-05-29 00:00:00,да,1052-06-27,9.0,19500,Недалеко от города звери нападают на людей. Нужно убить их.,11081,0,Леопольд,4,5,4
238,11068,Надя,1052-05-31 00:00:00,да,1052-06-13,6.0,9000,"В пещере завёлся дракон. Нужно его уничтожить. Это может потребовать времени и усилий, так как дракон очень опасен.",11068,3,Пастушок,4,4,4
239,11166,Иван,1052-05-31 00:00:00,да,1052-07-21,2.0,17500,По дороге из деревни у меня была украдена сумка с документами. Нужно вернуть её как можно скорее.,11166,1,Леопольд,4,4,3
240,11203,Аделина,1052-06-03 00:00:00,да,1052-07-03,5.0,11500,"По дороге из деревни монстры похитили путников. Нужно спасти их. Осмотрите все возможные укрытия, чтобы найти похищенных.",11203,2,Агата,4,4,3
241,11331,Иван,1052-06-04 00:00:00,да,1052-07-26,2.0,6500,В пещере завёлся дракон. Нужно его уничтожить.,11331,0,Глюкоза,4,4,5
242,11142,Аделина,1052-06-06 00:00:00,да,1052-07-05,4.0,11000,"Недалеко от города монстры похитили путников. Нужно освободить их. Осмотрите все возможные укрытия, чтобы найти похищенных.",11142,2,Пастушок,4,4,3
243,11139,Мария,1052-06-12 00:00:00,да,1052-08-04,8.0,5000,"В городе у меня была украдена сумка с документами. Нужно вернуть её как можно скорее. Проверьте все места, где она могла быть оставлена.",11139,1,Соня,4,4,4
244,11269,Иван,1052-06-13 00:00:00,да,1052-08-02,5.0,6000,"В деревне у меня потерялась сумка с документами. Нужно вернуть её как можно скорее. Проверьте все места, где она могла быть оставлена.",11269,1,Глюкоза,4,5,4
245,11467,Эмилио,1052-06-17 00:00:00,да,1052-06-29,7.0,18500,"В лесу около деревни монстры нападают на людей. Нужно уничтожить их. Будьте осторожны, так как монстры могут быть опасными.",11467,3,Альфред,4,5,4
246,11035,Влад,1052-06-26 00:00:00,да,1052-07-01,3.0,27500,В деревне у меня пропал рюкзак. Нужно найти его как можно скорее.,11035,1,Бенедикт,5,3,4
247,11484,Анна,1052-06-26 00:00:00,да,1052-07-16,1.0,29000,В лесу по дороге от пещеры разбойники нападают на людей. Нужно проучить их.,11484,0,Бенедикт,5,4,4
248,11250,Егор,1052-06-28 00:00:00,да,1052-07-24,9.0,22000,В пещере появвилось огромное каменное чудовище. Нужно уничтожить его.,11250,0,Бендер,4,4,3
249,11069,Аделина,1052-06-30 00:00:00,да,1052-08-16,8.0,11500,В лесу недалеко от города заметили разбойников. Нужно прогнать их.,11069,0,Мартин,3,5,3
250,11160,Аделина,1052-07-02 00:00:00,да,1052-07-18,3.0,7000,"В городе у меня потерялся рюкзак. Нужно найти его как можно скорее. Проверьте все места, где он мог быть оставлен.",11160,1,Мартин,4,5,3
251,11038,Влад,1052-07-03 00:00:00,да,1052-08-03,3.0,19000,"Недалеко от города монстры похитили путников. Нужно спасти их. Осмотрите все возможные укрытия, чтобы найти похищенных.",11038,2,Мартин,3,4,5
252,11148,Бабушка Синь,1052-07-03 00:00:00,да,1052-08-06,7.0,22000,По дороге из деревни у меня была украдена драгоценность. Нужно найти её как можно скорее.,11148,1,Бендер,4,3,4
253,11326,Егор,1052-07-05 00:00:00,да,1052-08-27,1.0,5000,Недалеко от города у меня потерялась сумка с документами. Нужно найти её как можно скорее.,11326,1,Соня,5,5,2
254,11032,Иван,1052-07-07 00:00:00,да,1052-08-23,8.0,9000,Недалеко от города у меня был украден рюкзак. Нужно вернуть его как можно скорее.,11032,1,Пастушок,4,3,5
255,11380,Влад,1052-07-08 00:00:00,да,1052-07-26,10.0,8500,По дороге из деревни у меня пропала сумка с документами. Нужно вернуть её как можно скорее.,11380,1,Глюкоза,5,4,5
256,11191,Бабушка Синь,1052-07-09 00:00:00,да,1052-08-04,3.0,16000,"В городе у меня пропал рюкзак. Нужно вернуть его как можно скорее. Проверьте все места, где он мог быть оставлен.",11191,1,Бенедикт,2,3,4
257,11312,Чарли,1052-07-09 00:00:00,да,1052-08-22,8.0,8000,В пещере завёлся дракон. Нужно его уничтожить.,11312,0,Альфред,4,4,3
258,11172,Роман,1052-07-11 00:00:00,да,1052-09-08,6.0,9500,Недалеко от города у меня была украдена сумка с документами. Нужно найти её как можно скорее.,11172,1,Соня,4,4,4
259,11189,Роман,1052-07-14 00:00:00,да,1052-08-20,8.0,24500,Недалеко от города заметили разбойников. Нужно прогнать их.,11189,0,Глюкоза,3,5,4
260,11107,Максимилиан,1052-07-16 00:00:00,да,1052-08-27,5.0,8000,В деревне у меня была украдена сумка с документами. Нужно вернуть её как можно скорее.,11107,1,Пастушок,3,4,5
261,11098,Бьянка,1052-07-16 00:00:00,да,1052-09-07,6.0,5500,"В пещере завёлся дракон. Нужно его уничтожить. Это может потребовать времени и усилий, так как дракон очень опасен.",11098,3,Бендер,4,5,3
262,11247,Роман,1052-07-16 00:00:00,да,1052-08-19,6.0,18500,"В деревне монстры похитили путников. Нужно освободить их. Осмотрите все возможные укрытия, чтобы найти похищенных.",11247,2,Леопольд,4,4,2
263,11422,Эмилио,1052-07-19 00:00:00,да,1052-08-11,8.0,27500,Недалеко от города у меня пропал рюкзак. Нужно найти его как можно скорее.,11422,1,Леопольд,4,3,4
264,11196,Максимилиан,1052-07-22 00:00:00,да,1052-09-04,3.0,17000,"Недалеко от города монстры похитили путников. Нужно спасти их. Осмотрите все возможные укрытия, чтобы найти похищенных.",11196,2,Пастушок,4,3,4
265,11179,Эмилио,1052-07-26 00:00:00,да,1052-09-04,5.0,26000,В пещере появвилось огромное каменное чудовище. Нужно убить его.,11179,0,Соня,2,4,4
266,11248,Максимилиан,1052-07-30 00:00:00,да,1052-09-26,2.0,23000,"В деревне монстры похитили путников. Нужно освободить их. Осмотрите все возможные укрытия, чтобы найти похищенных.",11248,2,Бендер,2,4,4
267,11106,Мария,1052-08-01 00:00:00,да,1052-09-25,9.0,10000,В городе у меня была украдена драгоценность. Нужно найти её как можно скорее.,11106,1,Мартин,5,3,5
268,11219,Егор,1052-08-04 00:00:00,да,1052-08-16,10.0,19500,"Недалеко от города монстры похитили путников. Нужно освободить их. Осмотрите все возможные укрытия, чтобы найти похищенных.",11219,2,Агата,4,3,5
269,11494,Леонтия,1052-08-05 00:00:00,да,1052-09-15,6.0,13500,Недалеко от города у меня пропал рюкзак. Нужно вернуть его как можно скорее.,11494,1,Агата,3,5,5
270,11413,Роман,1052-08-06 00:00:00,да,1052-08-10,1.0,7500,Недалеко от города у меня пропала сумка с документами. Нужно вернуть её как можно скорее.,11413,1,Соня,5,4,4
271,11043,Бьянка,1052-08-07 00:00:00,да,1052-09-28,1.0,9000,В лесу между городом и деревней заметили зверей. Нужно прогнать их.,11043,0,Агата,4,3,4
272,11371,Роман,1052-08-07 00:00:00,да,1052-08-22,5.0,10000,"В лесу около деревни заметили зверей. Нужно прогнать их. Осмотрите все возможные укрытия, чтобы найти зверей.",11371,4,Альфред,2,4,5
273,11298,Чарли,1052-08-09 00:00:00,да,1052-08-30,3.0,5500,В деревне монстры похитили путников. Нужно освободить их.,11298,2,Бенедикт,4,4,5
274,11222,Чарли,1052-08-14 00:00:00,да,1052-10-11,9.0,25500,В деревне у меня пропал рюкзак. Нужно вернуть его как можно скорее.,11222,1,Мартин,5,4,4
275,11097,Роман,1052-08-18 00:00:00,да,1052-09-25,8.0,26500,В лесу недалеко от города заметили разбойников. Нужно проучить их.,11097,0,Бенедикт,4,4,4
276,11374,Надя,1052-08-20 00:00:00,да,1052-09-09,4.0,12500,"В лесу недалеко от города заметили монстров. Нужно победить их. Будьте осторожны, так как монстры могут быть опасными.",11374,3,Леопольд,4,5,5
277,11272,Надя,1052-08-24 00:00:00,да,1052-10-05,7.0,5500,В пещере завёлся дракон. Нужно его убить.,11272,0,Синеглазый,3,3,4
278,11454,Олег,1052-08-25 00:00:00,да,1052-09-14,6.0,5500,"По дороге из деревни у меня пропала сумка с документами. Нужно найти её как можно скорее. Проверьте все места, где она могла быть оставлена.",11454,1,Юлия,3,3,5
279,11372,Аделина,1052-08-27 00:00:00,да,1052-10-25,9.0,27500,В лесу недалеко от города заметили монстров. Нужно уничтожить их.,11372,0,Бенедикт,4,4,5
280,11171,Иван,1052-08-30 00:00:00,да,1052-09-11,8.0,12500,В лесу между городом и деревней были замечены разбойники. Нужно проучить их.,11171,0,Бендер,5,4,4
281,11050,Чарли,1052-09-01 00:00:00,да,1052-09-16,7.0,8500,"В лесу по дороге от пещеры заметили зверей. Нужно убить их. Осмотрите все возможные укрытия, чтобы найти зверей.",11050,4,Пастушок,4,5,5
282,11398,Анна,1052-09-03 00:00:00,да,1052-10-22,10.0,12000,"В лесу между городом и деревней заметили разбойников. Нужно прогнать их. Осмотрите все возможные укрытия, чтобы найти разбойников.",11398,4,Юлия,5,4,4
283,11327,Роман,1052-09-04 00:00:00,да,1052-09-07,1.0,14500,"По дороге из деревни у меня потерялась драгоценность. Нужно найти её как можно скорее. Проверьте все места, где она могла быть оставлена.",11327,1,Юлия,4,2,5
284,11415,Максимилиан,1052-09-04 00:00:00,да,1052-10-11,6.0,11000,По дороге из деревни у меня потерялась драгоценность. Нужно найти её как можно скорее.,11415,1,Бенедикт,4,4,2
285,11460,Анна,1052-09-05 00:00:00,да,1052-09-11,3.0,27000,"В городе монстры похитили путников. Нужно освободить их. Осмотрите все возможные укрытия, чтобы найти похищенных.",11460,2,Пастушок,5,3,4
286,11194,Татьяна,1052-09-07 00:00:00,да,1052-10-29,8.0,8500,В лесу по дороге от пещеры заметили разбойников. Нужно убить их.,11194,0,Бенедикт,4,4,5
287,11155,Бабушка Синь,1052-09-12 00:00:00,да,1052-09-17,4.0,13500,В пещере появвилось огромное каменное чудовище. Нужно уничтожить его.,11155,0,Бендер,4,4,5
288,11052,Анна,1052-09-12 00:00:00,да,1052-10-10,7.0,6000,"В деревне у меня потерялась драгоценность. Нужно найти её как можно скорее. Проверьте все места, где она могла быть оставлена.",11052,1,Пастушок,4,3,3
289,11293,Татьяна,1052-09-17 00:00:00,да,1052-10-09,5.0,15000,Недалеко от города звери нападают на людей. Нужно убить их.,11293,0,Фредерик,4,3,3
290,11463,Влад,1052-09-18 00:00:00,да,1052-10-04,1.0,11500,В пещере появвилось огромное каменное чудовище. Нужно убить его.,11463,0,Альфред,3,3,3
291,11042,Егор,1052-09-20 00:00:00,да,1052-11-01,5.0,5000,"В деревне монстры похитили путников. Нужно освободить их. Осмотрите все возможные укрытия, чтобы найти похищенных.",11042,2,Глюкоза,4,4,4
292,11170,Анна,1052-09-20 00:00:00,да,1052-09-27,6.0,12000,"В городе у меня пропала драгоценность. Нужно вернуть её как можно скорее. Проверьте все места, где она могла быть оставлена.",11170,1,Леопольд,4,4,4
293,11085,Татьяна,1052-09-21 00:00:00,да,1052-10-04,4.0,17000,"По дороге из деревни монстры нападают на людей. Нужно победить их. Осмотрите все возможные укрытия, чтобы найти монстров.",11085,4,Синеглазый,5,4,3
294,11400,Леонтия,1052-09-24 00:00:00,да,1052-10-05,4.0,5000,В пещере появвилось огромное каменное чудовище. Нужно уничтожить его.,11400,0,Юлия,3,3,5
295,11088,Анна,1052-09-30 00:00:00,да,1052-10-12,7.0,13500,В пещере появвилось огромное каменное чудовище. Нужно уничтожить его.,11088,0,Глюкоза,4,3,4
296,11496,Олег,1052-10-03 00:00:00,да,1052-11-25,7.0,9000,В лесу между городом и деревней видели монстров. Нужно победить их.,11496,0,Юлия,3,3,4
297,11456,Анна,1052-10-07 00:00:00,да,1052-11-02,7.0,10000,В городе у меня была украдена сумка с документами. Нужно вернуть её как можно скорее.,11456,1,Бендер,3,3,4
298,11280,Надя,1052-10-13 00:00:00,да,1052-10-26,1.0,24500,В лесу по дороге от пещеры монстры нападают на людей. Нужно уничтожить их.,11280,0,Синеглазый,5,4,4
299,11338,Татьяна,1052-10-16 00:00:00,да,1052-12-13,9.0,17000,В городе у меня пропал рюкзак. Нужно вернуть его как можно скорее.,11338,1,Юлия,3,3,5
300,11498,Мария,1052-10-18 00:00:00,да,1052-12-16,2.0,28000,В лесу около деревни разбойники нападают на людей. Нужно прогнать их.,11498,0,Мартин,4,4,4
301,11009,Татьяна,1052-10-19 00:00:00,да,1052-12-13,2.0,28500,В пещере появвилось огромное каменное чудовище. Нужно убить его.,11009,0,Пастушок,2,4,5
302,11215,Эмилио,1052-10-19 00:00:00,да,1052-11-05,9.0,29000,"В деревне у меня была украдена сумка с документами. Нужно вернуть её как можно скорее. Проверьте все места, где она могла быть оставлена.",11215,1,Мартин,3,3,3
303,11340,Влад,1052-10-20 00:00:00,да,1052-11-05,9.0,25000,В городе у меня пропала драгоценность. Нужно найти её как можно скорее.,11340,1,Фредерик,3,4,3
304,11093,Егор,1052-10-28 00:00:00,да,1052-11-04,6.0,24500,В лесу между городом и деревней монстры нападают на людей. Нужно победить их.,11093,0,Глюкоза,3,3,5
305,11373,Бьянка,1052-11-01 00:00:00,да,1052-12-31,7.0,18500,"В пещере завёлся дракон. Нужно его уничтожить. Это может потребовать времени и усилий, так как дракон очень опасен.",11373,3,Альфред,5,4,2
306,11211,Бьянка,1052-11-02 00:00:00,да,1052-12-13,8.0,22000,"В пещере завёлся дракон. Нужно его уничтожить. Это может потребовать времени и усилий, так как дракон очень опасен.",11211,3,Альфред,4,4,4
307,11153,Влад,1052-11-04 00:00:00,да,1052-11-22,4.0,17000,В пещере появвилось огромное каменное чудовище. Нужно убить его.,11153,0,Юлия,4,3,5
308,11025,Эмилио,1052-11-06 00:00:00,да,1052-12-31,1.0,24000,В деревне у меня была украдена сумка с документами. Нужно вернуть её как можно скорее.,11025,1,Глюкоза,4,5,4
309,11061,Роман,1052-11-10 00:00:00,да,1052-12-09,10.0,25500,В пещере завёлся дракон. Нужно его уничтожить.,11061,0,Глюкоза,4,4,4
310,11239,Татьяна,1052-11-14 00:00:00,да,1052-11-20,1.0,9500,"В лесу по дороге от пещеры звери нападают на людей. Нужно убить их. Осмотрите все возможные укрытия, чтобы найти зверей.",11239,4,Юлия,3,4,5
311,11414,Влад,1052-11-15 00:00:00,да,1052-12-18,4.0,9000,"Недалеко от города у меня был украден рюкзак. Нужно найти его как можно скорее. Проверьте все места, где он мог быть оставлен.",11414,1,Фредерик,5,4,4
312,11478,Чарли,1052-11-16 00:00:00,да,1052-11-27,10.0,24000,"В пещере завёлся дракон. Нужно его уничтожить. Это может потребовать времени и усилий, так как дракон очень опасен.",11478,3,Соня,5,3,5
313,11442,Мария,1052-11-17 00:00:00,да,1053-01-16,3.0,28000,"Недалеко от города монстры похитили путников. Нужно спасти их. Осмотрите все возможные укрытия, чтобы найти похищенных.",11442,2,Юлия,4,5,4
314,11399,Бабушка Синь,1052-11-19 00:00:00,да,1052-12-01,5.0,6000,В пещере завёлся дракон. Нужно его уничтожить.,11399,0,Фредерик,5,3,4
315,11304,Роман,1052-11-21 00:00:00,да,1053-01-06,6.0,22000,В лесу между городом и деревней заметили разбойников. Нужно проучить их.,11304,0,Бендер,5,4,5
316,11243,Иван,1052-11-22 00:00:00,да,1053-01-15,7.0,8000,В деревне у меня потерялся рюкзак. Нужно вернуть его как можно скорее.,11243,1,Синеглазый,4,3,4
317,11295,Чарли,1052-11-23 00:00:00,да,1053-01-16,7.0,15500,В пещере завёлся дракон. Нужно его уничтожить.,11295,0,Бендер,5,4,4
318,11094,Леонтия,1052-11-23 00:00:00,да,1053-01-09,2.0,17500,"По дороге из деревни монстры похитили путников. Нужно освободить их. Осмотрите все возможные укрытия, чтобы найти похищенных.",11094,2,Синеглазый,5,3,4
319,11201,Чарли,1052-11-23 00:00:00,да,1053-01-22,10.0,29000,В лесу около деревни были замечены разбойники. Нужно проучить их.,11201,0,Синеглазый,4,4,3
320,11003,Бьянка,1052-11-24 00:00:00,да,1052-12-02,5.0,5500,"Недалеко от города видели монстров. Нужно победить их. Будьте осторожны, так как монстры могут быть опасными.",11003,3,Бендер,2,4,3
321,11220,Влад,1052-11-25 00:00:00,да,1052-12-25,1.0,28000,В лесу недалеко от города встречаются звери. Нужно убить их.,11220,0,Альфред,4,5,4
322,11123,Татьяна,1052-12-02 00:00:00,да,1053-01-20,6.0,12500,В деревне монстры похитили путников. Нужно спасти их.,11123,2,Юлия,5,4,4
323,11230,Роман,1052-12-03 00:00:00,да,1052-12-20,7.0,10500,В городе у меня пропала драгоценность. Нужно найти её как можно скорее.,11230,1,Бенедикт,4,4,4
324,11389,Олег,1052-12-06 00:00:00,да,1053-01-24,8.0,15000,"В пещере завёлся дракон. Нужно его убить. Это может потребовать времени и усилий, так как дракон очень опасен.",11389,3,Пастушок,4,4,4
325,11323,Максимилиан,1052-12-07 00:00:00,да,1052-12-11,3.0,19000,"В пещере завёлся дракон. Нужно его убить. Это может потребовать времени и усилий, так как дракон очень опасен.",11323,3,Агата,4,5,4
326,11432,Чарли,1052-12-09 00:00:00,да,1052-12-23,9.0,25500,"По дороге из деревни были замечены разбойники. Нужно проучить их. Будьте осторожны, так как разбойники могут быть опасными.",11432,3,Леопольд,5,3,5
327,11347,Чарли,1052-12-09 00:00:00,да,1052-12-26,5.0,28000,В пещере появвилось огромное каменное чудовище. Нужно убить его.,11347,0,Леопольд,4,4,4
328,11049,Влад,1052-12-09 00:00:00,да,1052-12-26,4.0,25000,"В пещере появвилось огромное каменное чудовище. Нужно уничтожить его. Это может потребовать времени и усилий, так как огромное каменное чудовище очень опасен.",11049,3,Агата,5,5,4
329,11363,Бьянка,1052-12-10 00:00:00,да,1052-12-14,3.0,16500,В пещере завёлся дракон. Нужно его убить.,11363,0,Синеглазый,3,4,3
330,11130,Олег,1052-12-13 00:00:00,да,1052-12-19,1.0,16000,"Недалеко от города монстры похитили путников. Нужно спасти их. Осмотрите все возможные укрытия, чтобы найти похищенных.",11130,2,Альфред,4,4,3
331,11210,Эмилио,1052-12-14 00:00:00,да,1052-12-20,3.0,5500,В лесу недалеко от города заметили разбойников. Нужно убить их.,11210,0,Агата,4,2,5
332,11366,Надя,1052-12-15 00:00:00,да,1053-02-09,9.0,13000,В лесу недалеко от города видели монстров. Нужно уничтожить их.,11366,0,Юлия,4,5,4
333,11163,Влад,1052-12-16 00:00:00,да,1052-12-27,5.0,16000,"В городе монстры похитили путников. Нужно спасти их. Осмотрите все возможные укрытия, чтобы найти похищенных.",11163,2,Синеглазый,4,2,5
334,11397,Леонтия,1052-12-17 00:00:00,да,1053-01-28,7.0,15000,По дороге из деревни монстры похитили путников. Нужно спасти их.,11397,2,Юлия,4,4,4
335,11435,Эмилио,1052-12-17 00:00:00,да,1053-01-09,7.0,5500,Недалеко от города у меня была украдена сумка с документами. Нужно найти её как можно скорее.,11435,1,Агата,4,3,4
336,11488,Максимилиан,1052-12-17 00:00:00,да,1053-02-13,4.0,20500,"В лесу по дороге от пещеры встречаются звери. Нужно прогнать их. Осмотрите все возможные укрытия, чтобы найти зверей.",11488,4,Альфред,4,4,3
337,11206,Иван,1052-12-18 00:00:00,да,1052-12-25,1.0,9500,В городе у меня была украдена драгоценность. Нужно найти её как можно скорее.,11206,1,Синеглазый,5,4,3
338,11241,Максимилиан,1052-12-18 00:00:00,да,1053-01-28,4.0,15500,"В городе монстры похитили путников. Нужно спасти их. Осмотрите все возможные укрытия, чтобы найти похищенных.",11241,2,Юлия,2,3,4
339,11436,Егор,1052-12-19 00:00:00,да,1052-12-31,7.0,28000,"В лесу недалеко от города заметили монстров. Нужно победить их. Осмотрите все возможные укрытия, чтобы найти монстров.",11436,4,Юлия,4,4,4
340,11317,Роман,1052-12-20 00:00:00,да,1053-01-14,8.0,21500,"Недалеко от города у меня был украден рюкзак. Нужно вернуть его как можно скорее. Проверьте все места, где он мог быть оставлен.",11317,1,Юлия,3,4,2
341,11034,Анна,1052-12-21 00:00:00,да,1053-01-02,6.0,13000,Недалеко от города у меня была украдена сумка с документами. Нужно вернуть её как можно скорее.,11034,1,Пастушок,5,5,4
342,11015,Анна,1052-12-25 00:00:00,да,1053-01-30,7.0,24500,"В лесу по дороге от пещеры заметили зверей. Нужно прогнать их. Осмотрите все возможные укрытия, чтобы найти зверей.",11015,4,Леопольд,4,5,4
343,11458,Максимилиан,1052-12-30 00:00:00,да,1053-01-02,2.0,28500,"В лесу между городом и деревней заметили разбойников. Нужно убить их. Будьте осторожны, так как разбойники могут быть опасными.",11458,3,Глюкоза,5,4,5
344,11283,Леонтия,1052-12-31 00:00:00,да,1053-02-09,5.0,6500,"В пещере появвилось огромное каменное чудовище. Нужно уничтожить его. Это может потребовать времени и усилий, так как огромное каменное чудовище очень опасен.",11283,3,Соня,3,4,4
345,11469,Эмилио,1053-01-01 00:00:00,да,1053-01-22,5.0,13500,"По дороге из деревни монстры нападают на людей. Нужно уничтожить их. Будьте осторожны, так как монстры могут быть опасными.",11469,3,Фредерик,3,4,4
346,11441,Анна,1053-01-07 00:00:00,да,1053-02-18,10.0,7000,В лесу недалеко от города видели монстров. Нужно победить их.,11441,0,Бендер,3,4,5
347,11391,Мария,1053-01-08 00:00:00,да,1053-02-09,8.0,27500,"Недалеко от города монстры похитили путников. Нужно спасти их. Осмотрите все возможные укрытия, чтобы найти похищенных.",11391,2,Альфред,5,4,4
348,11181,Надя,1053-01-11 00:00:00,да,1053-01-20,3.0,29000,Недалеко от города у меня пропала драгоценность. Нужно вернуть её как можно скорее.,11181,1,Синеглазый,5,4,4
349,11254,Аделина,1053-01-15 00:00:00,да,1053-02-11,9.0,24500,Недалеко от города звери нападают на людей. Нужно прогнать их.,11254,0,Пастушок,3,4,4
350,11471,Роман,1053-01-15 00:00:00,да,1053-03-04,2.0,18000,"В пещере завёлся дракон. Нужно его уничтожить. Это может потребовать времени и усилий, так как дракон очень опасен.",11471,3,Синеглазый,3,4,4
351,11198,Леонтия,1053-01-18 00:00:00,да,1053-01-23,3.0,28500,"В лесу недалеко от города заметили разбойников. Нужно прогнать их. Осмотрите все возможные укрытия, чтобы найти разбойников.",11198,4,Соня,4,4,4
352,11224,Татьяна,1053-01-20 00:00:00,да,1053-01-29,5.0,12500,Недалеко от города у меня пропал рюкзак. Нужно найти его как можно скорее.,11224,1,Фредерик,4,4,4
353,11464,Влад,1053-01-21 00:00:00,да,1053-03-19,4.0,6000,"В городе у меня потерялась сумка с документами. Нужно вернуть её как можно скорее. Проверьте все места, где она могла быть оставлена.",11464,1,Мартин,4,4,4
354,11257,Эмилио,1053-01-25 00:00:00,да,1053-03-23,1.0,25500,В лесу по дороге от пещеры заметили монстров. Нужно победить их.,11257,0,Альфред,4,4,4
355,11102,Надя,1053-01-25 00:00:00,да,1053-01-31,1.0,22500,В пещере появвилось огромное каменное чудовище. Нужно убить его.,11102,0,Бендер,4,3,4
356,11412,Роман,1053-01-27 00:00:00,да,1053-03-13,4.0,9500,В пещере завёлся дракон. Нужно его уничтожить.,11412,0,Бендер,4,4,5
357,11207,Максимилиан,1053-01-27 00:00:00,да,1053-02-21,7.0,17500,"В лесу по дороге от пещеры встречаются звери. Нужно прогнать их. Будьте осторожны, так как звери могут быть опасными.",11207,3,Синеглазый,5,2,4
358,11150,Иван,1053-01-28 00:00:00,да,1053-03-14,3.0,11500,По дороге из деревни у меня потерялась сумка с документами. Нужно найти её как можно скорее.,11150,1,Фредерик,2,5,3
359,11152,Олег,1053-02-03 00:00:00,да,1053-03-20,1.0,7000,В пещере появвилось огромное каменное чудовище. Нужно убить его.,11152,0,Пастушок,4,5,3
360,11167,Егор,1053-02-09 00:00:00,да,1053-03-05,5.0,6000,В пещере появвилось огромное каменное чудовище. Нужно уничтожить его.,11167,0,Леопольд,4,5,4
361,11158,Иван,1053-02-09 00:00:00,да,1053-02-19,3.0,28000,Недалеко от города заметили монстров. Нужно уничтожить их.,11158,0,Соня,4,3,4
362,11073,Олег,1053-02-16 00:00:00,да,1053-04-04,2.0,17500,В пещере завёлся дракон. Нужно его уничтожить.,11073,0,Бенедикт,5,3,4
363,11169,Бабушка Синь,1053-02-20 00:00:00,да,1053-03-07,7.0,7500,В деревне монстры похитили путников. Нужно спасти их.,11169,2,Альфред,4,4,4
364,11117,Максимилиан,1053-02-20 00:00:00,да,1053-04-10,10.0,21500,Недалеко от города у меня была украдена сумка с документами. Нужно найти её как можно скорее.,11117,1,Бенедикт,3,3,4
365,11217,Эмилио,1053-02-26 00:00:00,да,1053-03-12,5.0,7500,"По дороге из деревни у меня была украдена драгоценность. Нужно найти её как можно скорее. Проверьте все места, где она могла быть оставлена.",11217,1,Бенедикт,3,3,4
366,11200,Бабушка Синь,1053-02-26 00:00:00,да,1053-04-27,10.0,17000,В лесу между городом и деревней видели монстров. Нужно уничтожить их.,11200,0,Альфред,4,2,4
367,11156,Егор,1053-02-28 00:00:00,да,1053-03-08,5.0,16500,"В пещере завёлся дракон. Нужно его уничтожить. Это может потребовать времени и усилий, так как дракон очень опасен.",11156,3,Глюкоза,4,4,4
368,11046,Максимилиан,1053-03-02 00:00:00,да,1053-04-01,4.0,16000,В городе у меня потерялся рюкзак. Нужно вернуть его как можно скорее.,11046,1,Синеглазый,4,2,4
369,11017,Максимилиан,1053-03-03 00:00:00,да,1053-03-08,4.0,11500,В пещере завёлся дракон. Нужно его уничтожить.,11017,0,Бендер,3,4,4
370,11075,Леонтия,1053-03-06 00:00:00,да,1053-05-05,9.0,14500,В пещере завёлся дракон. Нужно его убить.,11075,0,Агата,3,4,5
371,11214,Татьяна,1053-03-07 00:00:00,да,1053-04-29,3.0,17000,"По дороге из деревни у меня пропала сумка с документами. Нужно найти её как можно скорее. Проверьте все места, где она могла быть оставлена.",11214,1,Бенедикт,4,5,4
372,11299,Леонтия,1053-03-08 00:00:00,да,1053-04-29,4.0,17000,Недалеко от города у меня потерялся рюкзак. Нужно вернуть его как можно скорее.,11299,1,Леопольд,4,3,3
373,11457,Олег,1053-03-09 00:00:00,да,1053-04-29,3.0,12500,"В городе у меня потерялся рюкзак. Нужно вернуть его как можно скорее. Проверьте все места, где он мог быть оставлен.",11457,1,Бенедикт,3,4,4
374,11267,Влад,1053-03-09 00:00:00,да,1053-03-29,1.0,25500,По дороге из деревни монстры нападают на людей. Нужно уничтожить их.,11267,0,Бенедикт,5,5,4
375,11111,Чарли,1053-03-12 00:00:00,да,1053-04-20,8.0,20000,В лесу между городом и деревней были замечены разбойники. Нужно убить их.,11111,0,Альфред,4,2,4
376,11018,Надя,1053-03-14 00:00:00,да,1053-05-13,9.0,19500,"По дороге из деревни монстры похитили путников. Нужно освободить их. Осмотрите все возможные укрытия, чтобы найти похищенных.",11018,2,Фредерик,4,4,5
377,11421,Аделина,1053-03-15 00:00:00,да,1053-05-09,10.0,19500,В деревне у меня потерялась сумка с документами. Нужно найти её как можно скорее.,11421,1,Леопольд,5,4,3
378,11474,Эмилио,1053-03-21 00:00:00,да,1053-04-16,2.0,6000,"Недалеко от города монстры похитили путников. Нужно освободить их. Осмотрите все возможные укрытия, чтобы найти похищенных.",11474,2,Соня,3,4,3
379,11365,Анна,1053-03-23 00:00:00,да,1053-05-08,8.0,9500,"В лесу по дороге от пещеры заметили зверей. Нужно прогнать их. Будьте осторожны, так как звери могут быть опасными.",11365,3,Синеглазый,3,3,5
380,11434,Эмилио,1053-03-24 00:00:00,да,1053-04-03,8.0,23000,"В городе у меня пропала сумка с документами. Нужно вернуть её как можно скорее. Проверьте все места, где она могла быть оставлена.",11434,1,Агата,4,4,4
381,11233,Максимилиан,1053-03-27 00:00:00,да,1053-05-01,7.0,24000,По дороге из деревни у меня пропал рюкзак. Нужно найти его как можно скорее.,11233,1,Леопольд,4,4,5
382,11037,Татьяна,1053-04-01 00:00:00,да,1053-05-20,1.0,6500,"В пещере появвилось огромное каменное чудовище. Нужно уничтожить его. Это может потребовать времени и усилий, так как огромное каменное чудовище очень опасен.",11037,3,Фредерик,3,4,3
383,11288,Аделина,1053-04-03 00:00:00,да,1053-06-01,3.0,10000,"В городе монстры похитили путников. Нужно освободить их. Осмотрите все возможные укрытия, чтобы найти похищенных.",11288,2,Глюкоза,5,4,4
384,11495,Чарли,1053-04-06 00:00:00,да,1053-05-11,4.0,23000,В лесу около деревни встречаются звери. Нужно убить их.,11495,0,Синеглазый,3,4,4
385,11028,Надя,1053-04-09 00:00:00,да,1053-05-15,1.0,27500,В деревне у меня была украдена сумка с документами. Нужно найти её как можно скорее.,11028,1,Фредерик,5,4,4
386,11041,Анна,1053-04-10 00:00:00,да,1053-04-18,7.0,15500,В лесу между городом и деревней монстры нападают на людей. Нужно уничтожить их.,11041,0,Альфред,5,4,3
387,11125,Аделина,1053-04-14 00:00:00,да,1053-04-28,8.0,26500,В городе у меня потерялась сумка с документами. Нужно найти её как можно скорее.,11125,1,Пастушок,4,3,5
388,11165,Чарли,1053-04-14 00:00:00,да,1053-06-10,9.0,12000,"Недалеко от города монстры похитили путников. Нужно освободить их. Осмотрите все возможные укрытия, чтобы найти похищенных.",11165,2,Альфред,3,4,4
389,11404,Олег,1053-04-15 00:00:00,да,1053-05-28,3.0,29500,В лесу по дороге от пещеры монстры нападают на людей. Нужно победить их.,11404,0,Глюкоза,4,3,5
390,11290,Роман,1053-04-22 00:00:00,да,1053-06-18,1.0,29000,В городе у меня была украдена драгоценность. Нужно найти её как можно скорее.,11290,1,Мартин,3,4,3
391,11455,Роман,1053-04-23 00:00:00,да,1053-05-27,2.0,14500,В деревне у меня был украден рюкзак. Нужно найти его как можно скорее.,11455,1,Глюкоза,5,5,3
392,11121,Роман,1053-04-25 00:00:00,да,1053-06-16,7.0,26500,В лесу между городом и деревней монстры нападают на людей. Нужно уничтожить их.,11121,0,Синеглазый,4,4,4
393,11063,Мария,1053-04-28 00:00:00,да,1053-05-11,9.0,24500,В лесу около деревни заметили монстров. Нужно победить их.,11063,0,Юлия,3,4,5
394,11084,Анна,1053-04-30 00:00:00,да,1053-05-03,1.0,5500,В пещере завёлся дракон. Нужно его уничтожить.,11084,0,Альфред,3,4,4
395,11273,Надя,1053-05-02 00:00:00,да,1053-06-14,6.0,8000,По дороге из деревни у меня пропал рюкзак. Нужно найти его как можно скорее.,11273,1,Фредерик,3,5,4
396,11433,Леонтия,1053-05-03 00:00:00,да,1053-05-21,8.0,9500,В городе у меня пропал рюкзак. Нужно вернуть его как можно скорее.,11433,1,Бендер,4,2,4
397,11164,Олег,1053-05-04 00:00:00,да,1053-05-29,6.0,26500,Недалеко от города у меня был украден рюкзак. Нужно найти его как можно скорее.,11164,1,Соня,4,4,5
398,11240,Эмилио,1053-05-06 00:00:00,да,1053-06-23,7.0,15000,"В лесу между городом и деревней разбойники нападают на людей. Нужно убить их. Осмотрите все возможные укрытия, чтобы найти разбойников.",11240,4,Агата,4,3,2
399,11064,Влад,1053-05-06 00:00:00,да,1053-06-11,1.0,26500,В городе у меня пропала драгоценность. Нужно найти её как можно скорее.,11064,1,Леопольд,2,3,5
400,11385,Бьянка,1053-05-07 00:00:00,да,1053-07-03,4.0,28000,В деревне у меня был украден рюкзак. Нужно вернуть его как можно скорее.,11385,1,Леопольд,4,5,4
401,11352,Иван,1053-05-07 00:00:00,да,1053-06-01,8.0,5000,В деревне у меня был украден рюкзак. Нужно вернуть его как можно скорее.,11352,1,Пастушок,5,4,4
402,11330,Максимилиан,1053-05-08 00:00:00,да,1053-06-26,1.0,26000,По дороге из деревни у меня пропала драгоценность. Нужно вернуть её как можно скорее.,11330,1,Пастушок,4,5,2
403,11320,Максимилиан,1053-05-08 00:00:00,да,1053-06-17,6.0,29000,По дороге из деревни у меня была украдена драгоценность. Нужно вернуть её как можно скорее.,11320,1,Бенедикт,4,3,4
404,11308,Анна,1053-05-09 00:00:00,да,1053-05-27,6.0,29500,В деревне у меня пропал рюкзак. Нужно вернуть его как можно скорее.,11308,1,Синеглазый,4,5,4
405,11058,Бьянка,1053-05-11 00:00:00,да,1053-06-04,4.0,23000,В пещере завёлся дракон. Нужно его убить.,11058,0,Соня,4,5,4
406,11491,Роман,1053-05-13 00:00:00,да,1053-07-11,1.0,9000,"В пещере появвилось огромное каменное чудовище. Нужно уничтожить его. Это может потребовать времени и усилий, так как огромное каменное чудовище очень опасен.",11491,3,Синеглазый,4,4,3
407,11177,Влад,1053-05-16 00:00:00,да,1053-06-18,9.0,13500,"В городе у меня была украдена драгоценность. Нужно вернуть её как можно скорее. Проверьте все места, где она могла быть оставлена.",11177,1,Альфред,4,3,4
408,11309,Эмилио,1053-05-16 00:00:00,да,1053-06-16,5.0,26000,В городе у меня потерялась сумка с документами. Нужно вернуть её как можно скорее.,11309,1,Бендер,5,4,3
409,11066,Бьянка,1053-05-19 00:00:00,да,1053-06-05,2.0,27000,"В пещере завёлся дракон. Нужно его убить. Это может потребовать времени и усилий, так как дракон очень опасен.",11066,3,Мартин,5,4,5
410,11019,Иван,1053-05-22 00:00:00,да,1053-06-08,10.0,7500,В городе у меня пропала сумка с документами. Нужно найти её как можно скорее.,11019,1,Соня,3,4,3
411,11013,Бабушка Синь,1053-05-23 00:00:00,да,1053-06-06,10.0,24500,В лесу около деревни разбойники нападают на людей. Нужно проучить их.,11013,0,Соня,3,3,4
412,11426,Леонтия,1053-05-24 00:00:00,да,1053-05-31,4.0,7500,"В городе у меня пропала драгоценность. Нужно вернуть её как можно скорее. Проверьте все места, где она могла быть оставлена.",11426,1,Синеглазый,4,4,4
413,11427,Татьяна,1053-06-02 00:00:00,да,1053-07-12,10.0,5000,В лесу между городом и деревней разбойники нападают на людей. Нужно прогнать их.,11427,0,Юлия,4,3,4
414,11258,Анна,1053-06-04 00:00:00,да,1053-08-02,9.0,18500,В лесу между городом и деревней заметили разбойников. Нужно убить их.,11258,0,Юлия,3,3,4
415,11140,Аделина,1053-06-09 00:00:00,да,1053-06-14,4.0,25500,В лесу по дороге от пещеры были замечены разбойники. Нужно убить их.,11140,0,Соня,4,3,5
416,11282,Леонтия,1053-06-10 00:00:00,да,1053-08-05,2.0,10500,В городе у меня потерялась сумка с документами. Нужно вернуть её как можно скорее.,11282,1,Бендер,4,5,2
417,11367,Анна,1053-06-11 00:00:00,да,1053-07-16,3.0,7000,В пещере появвилось огромное каменное чудовище. Нужно уничтожить его.,11367,0,Леопольд,4,4,4
418,11497,Леонтия,1053-06-13 00:00:00,да,1053-07-10,4.0,8000,В лесу по дороге от пещеры монстры нападают на людей. Нужно победить их.,11497,0,Пастушок,5,3,5
419,11375,Эмилио,1053-06-14 00:00:00,да,1053-07-02,8.0,8500,В пещере появвилось огромное каменное чудовище. Нужно убить его.,11375,0,Пастушок,4,4,3
420,11072,Анна,1053-06-15 00:00:00,да,1053-07-31,3.0,15000,В пещере появвилось огромное каменное чудовище. Нужно уничтожить его.,11072,0,Агата,4,4,4
421,11470,Иван,1053-06-16 00:00:00,да,1053-07-04,1.0,13000,По дороге из деревни у меня пропала драгоценность. Нужно найти её как можно скорее.,11470,1,Мартин,4,5,4
422,11420,Иван,1053-06-18 00:00:00,да,1053-08-14,5.0,7000,В лесу между городом и деревней разбойники нападают на людей. Нужно проучить их.,11420,0,Альфред,5,3,5
423,11008,Олег,1053-06-19 00:00:00,да,1053-06-24,3.0,12000,Недалеко от города у меня потерялась драгоценность. Нужно найти её как можно скорее.,11008,1,Фредерик,3,4,3
424,11329,Бьянка,1053-06-19 00:00:00,да,1053-08-04,1.0,22500,Недалеко от города у меня был украден рюкзак. Нужно найти его как можно скорее.,11329,1,Бенедикт,5,3,4
425,11271,Егор,1053-06-25 00:00:00,да,1053-08-09,8.0,12500,Недалеко от города видели монстров. Нужно победить их.,11271,0,Фредерик,4,4,4
426,11302,Надя,1053-06-27 00:00:00,да,1053-08-13,7.0,5000,В лесу между городом и деревней заметили разбойников. Нужно прогнать их.,11302,0,Агата,4,4,4
427,11300,Влад,1053-06-28 00:00:00,да,1053-08-13,1.0,11000,В лесу между городом и деревней видели монстров. Нужно победить их.,11300,0,Глюкоза,4,4,4
428,11120,Леонтия,1053-06-30 00:00:00,да,1053-07-08,1.0,26000,В лесу между городом и деревней были замечены разбойники. Нужно прогнать их.,11120,0,Юлия,4,3,4
429,11321,Егор,1053-07-01 00:00:00,да,1053-07-05,1.0,28000,"В деревне монстры похитили путников. Нужно спасти их. Осмотрите все возможные укрытия, чтобы найти похищенных.",11321,2,Бенедикт,3,4,4
430,11489,Анна,1053-07-03 00:00:00,да,1053-08-18,7.0,15000,По дороге из деревни монстры похитили путников. Нужно спасти их.,11489,2,Глюкоза,4,4,5
431,11070,Эмилио,1053-07-04 00:00:00,да,1053-08-12,3.0,8000,В деревне монстры похитили путников. Нужно спасти их.,11070,2,Пастушок,4,3,5
432,11114,Олег,1053-07-05 00:00:00,да,1053-07-13,7.0,28000,В городе у меня был украден рюкзак. Нужно вернуть его как можно скорее.,11114,1,Альфред,3,3,5
433,11376,Надя,1053-07-07 00:00:00,да,1053-08-28,3.0,12500,По дороге из деревни монстры похитили путников. Нужно спасти их.,11376,2,Бендер,4,5,4
434,11499,Олег,1053-07-08 00:00:00,да,1053-07-15,4.0,16500,В лесу недалеко от города были замечены разбойники. Нужно проучить их.,11499,0,Глюкоза,4,3,4
435,11245,Чарли,1053-07-08 00:00:00,да,1053-08-05,2.0,5500,В городе у меня потерялся рюкзак. Нужно найти его как можно скорее.,11245,1,Синеглазый,4,3,4
436,11249,Леонтия,1053-07-10 00:00:00,да,1053-08-25,1.0,14000,В деревне монстры похитили путников. Нужно спасти их.,11249,2,Глюкоза,4,5,4
437,11256,Иван,1053-07-13 00:00:00,да,1053-08-30,10.0,21500,В пещере появвилось огромное каменное чудовище. Нужно уничтожить его.,11256,0,Бенедикт,4,2,4
438,11483,Чарли,1053-07-15 00:00:00,да,1053-08-09,5.0,24500,"В пещере завёлся дракон. Нужно его убить. Это может потребовать времени и усилий, так как дракон очень опасен.",11483,3,Пастушок,3,5,4
439,11127,Бабушка Синь,1053-07-16 00:00:00,да,1053-07-27,4.0,12000,В лесу недалеко от города заметили разбойников. Нужно убить их.,11127,0,Фредерик,4,5,3
440,11268,Роман,1053-07-17 00:00:00,да,1053-08-17,6.0,6000,В лесу недалеко от города разбойники нападают на людей. Нужно проучить их.,11268,0,Пастушок,4,5,5
441,11418,Эмилио,1053-07-21 00:00:00,да,1053-08-28,6.0,25000,В лесу между городом и деревней монстры нападают на людей. Нужно уничтожить их.,11418,0,Альфред,3,5,4
442,11205,Татьяна,1053-07-22 00:00:00,да,1053-08-13,10.0,25000,В лесу около деревни встречаются звери. Нужно убить их.,11205,0,Синеглазый,4,4,3
443,11416,Иван,1053-07-25 00:00:00,да,1053-08-25,7.0,19000,В лесу около деревни заметили зверей. Нужно прогнать их.,11416,0,Бенедикт,4,4,2
444,11393,Максимилиан,1053-08-07 00:00:00,да,1053-09-12,3.0,12000,По дороге из деревни монстры похитили путников. Нужно освободить их.,11393,2,Леопольд,4,5,3
445,11292,Иван,1053-08-10 00:00:00,да,1053-09-10,7.0,19000,В деревне у меня пропала драгоценность. Нужно вернуть её как можно скорее.,11292,1,Леопольд,3,5,3
446,11430,Татьяна,1053-08-13 00:00:00,да,1053-09-21,9.0,25000,"В городе у меня потерялась сумка с документами. Нужно найти её как можно скорее. Проверьте все места, где она могла быть оставлена.",11430,1,Альфред,3,3,5
447,11190,Егор,1053-08-15 00:00:00,да,1053-09-03,1.0,25500,"В лесу между городом и деревней были замечены разбойники. Нужно прогнать их. Будьте осторожны, так как разбойники могут быть опасными.",11190,3,Соня,5,4,3
448,11147,Аделина,1053-08-16 00:00:00,да,1053-10-08,8.0,20000,Недалеко от города у меня пропала сумка с документами. Нужно вернуть её как можно скорее.,11147,1,Агата,4,4,3
449,11244,Эмилио,1053-08-18 00:00:00,да,1053-08-25,2.0,29000,В пещере завёлся дракон. Нужно его убить.,11244,0,Юлия,4,3,4
450,11475,Олег,1053-08-19 00:00:00,да,1053-10-18,2.0,20000,"В пещере завёлся дракон. Нужно его уничтожить. Это может потребовать времени и усилий, так как дракон очень опасен.",11475,3,Бенедикт,4,5,5
451,11136,Мария,1053-08-19 00:00:00,да,1053-09-20,4.0,19500,В пещере появвилось огромное каменное чудовище. Нужно уничтожить его.,11136,0,Бенедикт,4,4,4
452,11175,Влад,1053-08-19 00:00:00,да,1053-09-30,9.0,9500,По дороге из деревни заметили разбойников. Нужно убить их.,11175,0,Леопольд,5,5,5
453,11151,Бабушка Синь,1053-08-23 00:00:00,да,1053-08-28,4.0,10500,В пещере завёлся дракон. Нужно его убить.,11151,0,Бенедикт,3,5,4
454,11492,Надя,1053-08-24 00:00:00,да,1053-09-11,4.0,7000,По дороге из деревни у меня была украдена драгоценность. Нужно вернуть её как можно скорее.,11492,1,Глюкоза,3,4,5
455,11468,Роман,1053-08-24 00:00:00,да,1053-09-16,5.0,7500,По дороге из деревни у меня была украдена драгоценность. Нужно найти её как можно скорее.,11468,1,Фредерик,5,2,4
456,11006,Роман,1053-08-27 00:00:00,да,1053-10-18,8.0,8000,В пещере появвилось огромное каменное чудовище. Нужно уничтожить его.,11006,0,Фредерик,4,4,4
457,11157,Бьянка,1053-08-28 00:00:00,да,1053-09-04,2.0,23500,В деревне у меня пропала драгоценность. Нужно найти её как можно скорее.,11157,1,Соня,3,5,4
458,11286,Татьяна,1053-08-29 00:00:00,да,1053-09-11,8.0,26000,"В городе у меня пропала драгоценность. Нужно найти её как можно скорее. Проверьте все места, где она могла быть оставлена.",11286,1,Фредерик,4,4,4
459,11092,Леонтия,1053-08-31 00:00:00,да,1053-09-16,6.0,7000,В лесу по дороге от пещеры заметили зверей. Нужно прогнать их.,11092,0,Юлия,3,4,5
460,11446,Роман,1053-09-03 00:00:00,да,1053-09-06,2.0,12500,По дороге из деревни монстры похитили путников. Нужно спасти их.,11446,2,Соня,4,3,4
461,11134,Иван,1053-09-04 00:00:00,нет,,,27500,В пещере появвилось огромное каменное чудовище. Нужно уничтожить его.,11134,0,Пастушок,5,4,4
462,11056,Мария,1053-09-06 00:00:00,нет,,,23500,По дороге из деревни у меня пропала драгоценность. Нужно вернуть её как можно скорее.,11056,1,Синеглазый,4,4,4
463,11447,Бьянка,1053-09-09 00:00:00,да,1053-09-17,1.0,5000,В деревне монстры похитили путников. Нужно освободить их.,11447,2,Леопольд,4,3,4
464,11208,Чарли,1053-09-10 00:00:00,да,1053-09-21,8.0,9500,"В деревне монстры похитили путников. Нужно освободить их. Осмотрите все возможные укрытия, чтобы найти похищенных.",11208,2,Альфред,5,4,4
465,11394,Иван,1053-09-17 00:00:00,да,1053-11-02,6.0,16500,"В пещере появвилось огромное каменное чудовище. Нужно убить его. Это может потребовать времени и усилий, так как огромное каменное чудовище очень опасен.",11394,3,Бендер,4,4,4
466,11188,Аделина,1053-09-19 00:00:00,да,1053-11-06,9.0,13000,"В лесу недалеко от города заметили разбойников. Нужно убить их. Осмотрите все возможные укрытия, чтобы найти разбойников.",11188,4,Леопольд,5,2,4
467,11381,Егор,1053-09-20 00:00:00,нет,,,7000,В пещере появвилось огромное каменное чудовище. Нужно убить его.,11381,0,Синеглазый,5,4,2
468,11311,Бабушка Синь,1053-09-20 00:00:00,нет,,,19000,По дороге из деревни у меня была украдена драгоценность. Нужно вернуть её как можно скорее.,11311,1,Агата,4,5,5
469,11417,Леонтия,1053-09-22 00:00:00,нет,,,20500,Недалеко от города у меня была украдена драгоценность. Нужно найти её как можно скорее.,11417,1,Пастушок,4,4,4
470,11154,Аделина,1053-09-22 00:00:00,да,1053-11-12,10.0,14000,В городе у меня пропал рюкзак. Нужно вернуть его как можно скорее.,11154,1,Леопольд,3,3,4
471,11310,Надя,1053-09-24 00:00:00,нет,,,5000,"По дороге из деревни монстры похитили путников. Нужно спасти их. Осмотрите все возможные укрытия, чтобы найти похищенных.",11310,2,Бенедикт,4,3,5
472,11076,Чарли,1053-09-26 00:00:00,да,1053-11-16,9.0,22000,В лесу по дороге от пещеры монстры нападают на людей. Нужно победить их.,11076,0,Юлия,5,4,4
473,11322,Роман,1053-09-29 00:00:00,да,1053-10-26,10.0,8000,Недалеко от города у меня потерялась сумка с документами. Нужно вернуть её как можно скорее.,11322,1,Бендер,5,4,5
474,11285,Чарли,1053-09-30 00:00:00,нет,,,5000,В городе у меня потерялся рюкзак. Нужно найти его как можно скорее.,11285,1,Альфред,4,3,5
475,11218,Олег,1053-10-01 00:00:00,нет,,,16000,"Недалеко от города монстры похитили путников. Нужно спасти их. Осмотрите все возможные укрытия, чтобы найти похищенных.",11218,2,Агата,4,3,2
476,11161,Эмилио,1053-10-03 00:00:00,нет,,,7500,В городе у меня потерялся рюкзак. Нужно найти его как можно скорее.,11161,1,Агата,4,4,4
477,11002,Эмилио,1053-10-05 00:00:00,да,1053-10-20,7.0,22500,"По дороге из деревни монстры похитили путников. Нужно освободить их. Осмотрите все возможные укрытия, чтобы найти похищенных.",11002,2,Мартин,5,4,4
478,11077,Бьянка,1053-10-09 00:00:00,да,1053-12-06,8.0,24500,В лесу по дороге от пещеры монстры нападают на людей. Нужно уничтожить их.,11077,0,Синеглазый,3,3,4
479,11429,Роман,1053-10-09 00:00:00,да,1053-12-05,1.0,29500,"В городе у меня была украдена сумка с документами. Нужно найти её как можно скорее. Проверьте все места, где она могла быть оставлена.",11429,1,Глюкоза,3,4,4
480,11141,Аделина,1053-10-12 00:00:00,да,1053-11-10,1.0,18000,В пещере появвилось огромное каменное чудовище. Нужно уничтожить его.,11141,0,Альфред,3,3,4
481,11387,Татьяна,1053-10-13 00:00:00,нет,,,6500,Недалеко от города у меня пропала драгоценность. Нужно вернуть её как можно скорее.,11387,1,Пастушок,4,4,4
482,11390,Егор,1053-10-15 00:00:00,да,1053-10-19,2.0,22500,В пещере появвилось огромное каменное чудовище. Нужно уничтожить его.,11390,0,Бенедикт,2,4,4
483,11096,Бьянка,1053-10-17 00:00:00,да,1053-11-26,9.0,8000,Недалеко от города у меня была украдена драгоценность. Нужно найти её как можно скорее.,11096,1,Пастушок,5,3,5
484,11143,Егор,1053-10-18 00:00:00,нет,,,10500,"В пещере завёлся дракон. Нужно его убить. Это может потребовать времени и усилий, так как дракон очень опасен.",11143,3,Юлия,5,4,5
485,11232,Бабушка Синь,1053-10-22 00:00:00,нет,,,17500,В деревне монстры похитили путников. Нужно спасти их.,11232,2,Юлия,3,5,4
486,11234,Олег,1053-10-24 00:00:00,нет,,,17000,В лесу по дороге от пещеры заметили разбойников. Нужно прогнать их.,11234,0,Пастушок,4,4,4
487,11059,Егор,1053-10-25 00:00:00,да,1053-11-27,10.0,14000,В пещере появвилось огромное каменное чудовище. Нужно уничтожить его.,11059,0,Соня,4,4,4
488,11396,Анна,1053-10-31 00:00:00,нет,,,23000,В лесу недалеко от города заметили зверей. Нужно убить их.,11396,0,Бенедикт,3,4,4
489,11113,Анна,1053-11-01 00:00:00,да,1053-12-19,9.0,12000,По дороге из деревни монстры похитили путников. Нужно освободить их.,11113,2,Пастушок,3,2,5
490,11048,Леонтия,1053-11-01 00:00:00,да,1053-12-24,10.0,21500,В городе у меня пропал рюкзак. Нужно вернуть его как можно скорее.,11048,1,Соня,5,4,4
491,11428,Эмилио,1053-11-04 00:00:00,нет,,,12500,В лесу около деревни звери нападают на людей. Нужно прогнать их.,11428,0,Соня,2,4,4
492,11473,Чарли,1053-11-05 00:00:00,да,1053-11-21,2.0,13500,В деревне у меня была украдена сумка с документами. Нужно вернуть её как можно скорее.,11473,1,Агата,5,4,2
493,11402,Егор,1053-11-12 00:00:00,нет,,,12000,По дороге из деревни у меня потерялась драгоценность. Нужно вернуть её как можно скорее.,11402,1,Синеглазый,4,3,4
494,11306,Олег,1053-11-15 00:00:00,нет,,,17000,"В деревне монстры похитили путников. Нужно спасти их. Осмотрите все возможные укрытия, чтобы найти похищенных.",11306,2,Юлия,3,5,4
495,11438,Влад,1053-11-19 00:00:00,нет,,,11000,"В городе у меня пропала драгоценность. Нужно вернуть её как можно скорее. Проверьте все места, где она могла быть оставлена.",11438,1,Леопольд,4,4,5
496,11345,Мария,1053-11-22 00:00:00,да,1053-11-25,2.0,9500,"В пещере появвилось огромное каменное чудовище. Нужно убить его. Это может потребовать времени и усилий, так как огромное каменное чудовище очень опасен.",11345,3,Пастушок,3,4,4
497,11462,Егор,1053-11-22 00:00:00,нет,,,19500,"В городе монстры похитили путников. Нужно освободить их. Осмотрите все возможные укрытия, чтобы найти похищенных.",11462,2,Леопольд,4,3,3
498,11029,Роман,1053-11-23 00:00:00,да,1054-01-13,9.0,17500,В городе у меня пропала сумка с документами. Нужно вернуть её как можно скорее.,11029,1,Глюкоза,4,4,3
499,11133,Анна,1053-11-27 00:00:00,да,1053-12-15,10.0,20500,В пещере появвилось огромное каменное чудовище. Нужно убить его.,11133,0,Фредерик,3,4,4
